:100000000C94130A0C947D6F0C94526F0C94276F10
:100010000C94FC6E0C94D16E0C94A66E0C947B6EBA
:100020000C94506E0C94440A0C94440A0C94440AA8
:100030000C94440A0C94440A0C94440A0C94440A08
:100040000C94440A0C94440A0C94440A0C94440AF8
:100050000C94440A0C94440A0C94440A0C94066EC2
:100060000C94440A0C94D06D0C94A66D0C94440A24
:100070000C94440A0C94440A0C94440A0C94440AC8
:100080000C94440A0C94440A0C94440A0C94440AB8
:100090000C94440A0C94440A0C94440A0C94A86FDF
:1000A0000C94440A0C94440A0C94440A0C94440A98
:1000B0000C94440A0C94440A0C94440A0C94440A88
:1000C0000C94440A0C94440A0C94440A0C94440A78
:1000D0000C94440A0C94440A0C94440A0C94440A68
:1000E0000C94440A0C94090C0C94595E0C94B45F63
:1000F0000C94B9220C94040C0C949E7B0C947C6C94
:100100000C9404240C94D7610C94ED280C94DE0B11
:100110000C940D0B0C94DD320C949E6A0C941F23EE
:100120000C9452470C94BA0F0C94082E0C94FC0BB0
:100130000C94BB0F0C941F280C94A9220C94056BF3
:100140000C94930F0C94E40B0C94255F0C94605B5F
:100150000C940E0C0C94B30A0C94F20B0C94E80B58
:100160000C9430230C942F660C94B0460C94096BBD
:100170000C9492440C94B8710C94DB0B0C94E21028
:100180000C94DA320C943D640C9406120C94634285
:100190000C940A0F0C94A40A0C94236D0C9403295C
:1001A0000C943E290C9444230C945B480C944123FA
:1001B0000C948C0F0C94BF220C94D70B0C94AC2590
:1001C0000C94AE420C94EF0F0C9434610C94F60B2B
:1001D0000C94EE0B0C94185E0C94BE680C94550FA6
:1001E0000C9472440C9489610C94E5580C945A0B4D
:1001F0000C94090D0C943A480C941D230C94BC22C9
:100200000C9478600C9437650C94B8220C94FA1115
:100210000C94460A0C94D30B0C944C440C94C022BE
:100220000C94F20F0C943E230C94D50A0C947B2D65
:100230000C94490A0C940A0C0C942A230C94B722AF
:100240000C9444480C9447480C9421220C94530D70
:100250000C94D9600C94C70A0C9443600C94770AF0
:100260000C94C90B0C94CF0B0C9461640C94E36058
:100270000C94AE600C9464640C941F640C94000C99
:100280000C944E230C94A06C0C9412530C94514873
:1002900046726F6D20666F6C6465723A2025730A32
:1002A0000053656C65637465642066696C653A200B
:1002B00025730A0046726F6D20666F6C6465723A32
:1002C0002025730A0053656C656374656420666954
:1002D0006C653A2025730A002E2E2E20494E495473
:1002E00020636F6D706C6574650A0053656E646998
:1002F0006E6720494E4954202E2E2E0A0052583A3D
:100300002025732072785F786D69745F6573282586
:1003100030346F290A0A0052583A20494E49542075
:10032000686173202573636C656172656420743D38
:10033000256C756D730A0052583A207761697469AB
:100340006E6720666F7220494E495420746F206397
:100350006C656172202E2E2E20743D256C756D7398
:100360000A0052583A20257320576F726425643A68
:10037000202530336F202530336F0A0052583A2041
:10038000257320576F726425643A202530336F201F
:100390002530336F0A0052583A20257320576F7268
:1003A0006425643A202530336F202530336F0A00EE
:1003B00052583A20257320576F726425643A2025DD
:1003C00030336F202530336F0A0052583A2025739E
:1003D00020706F733D256C752E206C656E3D257504
:1003E0002E0A0052583A2025732074613D2530337F
:1003F0006F0A0052583A2025732073613D2530332F
:100400006F0A0052583A202573207A65726F206671
:10041000696C6C20627566666572202530336F2EBC
:100420002E2530336F0A000A000A00202530346F71
:1004300000202530336F0052583A20257320253094
:10044000336F3A000A000A00202530346F0020255F
:1004500030336F0052583A202573202530336F3ADD
:100460000052583A2025732077633D2530336F20A2
:1004700057434F56460A0052583A20257320776357
:100480003D2530336F0A0052583A20257320756E8F
:1004900069743D256F2064656E3D25630A005258DE
:1004A0003A20636D643D2530346F0A000A00202035
:1004B00020202072782E6472765B25645D2E6C6538
:1004C0006E203D2025752E0A0020202020207278E5
:1004D0002E6472765B25645D2E706F73203D20253F
:1004E0006C752E0A0020202020202072782E647245
:1004F000765B25645D2E7361203D202530336F0AC5
:100500000020202020202072782E6472765B2564E3
:100510005D2E7461203D202530336F0A002020209D
:10052000202072782E6472765B25645D2E64656E81
:10053000203D2025630A00202020202072782E6490
:1005400072765B25645D2E726479203D2025630AF6
:10055000002020202072782E6472765B25645D2E48
:100560006D6F6465203D205225630A002020202005
:1005700072782E6472765B25645D2E6E616D6520E7
:100580003D20272573270A000A00202072782E6656
:10059000636E2E6E616D65203D2025730A0020205C
:1005A00072782E66636E2E636F6465203D20256F22
:1005B0000A002020202072782E74696D696E6720F1
:1005C0003D20256F0A002020202072782E6572724F
:1005D000636E74203D2025752E0A00202020207295
:1005E000782E636D64636E74203D2025752E0A009D
:1005F00020202020202072782E74797065203D20E4
:1006000052583025640A0020202020202072782EA5
:10061000756E6974203D20256F0A0020202020205F
:10062000202072782E64656E203D2025630A00200C
:1006300020202020202072782E6C656E203D202501
:10064000752E0A002020202020202072782E706F26
:1006500073203D20256C752E0A00202020202020AC
:10066000202072782E7361203D202530336F0A00E0
:10067000202020202020202072782E7461203D2010
:100680002530336F0A00202020202020202072787F
:100690002E7463203D202530336F0A002020202057
:1006A0002020202072782E7763203D202530336F64
:1006B0000A00202020202020202072782E65632030
:1006C0003D202530346F0A002020202020202020CB
:1006D00072782E6573203D202530346F0A0020206B
:1006E00020202020202072782E6373203D2025308A
:1006F000366F0A000A00202020202020692F662063
:1007000072756E203D20256F0A0020202020206970
:100710002F6620696E6974203D20256F0A00202015
:10072000202020692F66206D6F6465203D20257391
:100730000A0020202020692F6620776964746820D1
:100740003D2025642E0A000A0A2D2D2D2052582006
:10075000456D756C61746F722053746174652044CB
:10076000756D70202D2D2D0A0A003F556E6B6E6F32
:10077000776E20636F6D6D616E643F0A000A4E6F85
:1007800074653A20636861727320696E202829209D
:10079000617265206F7074696F6E616C2E204361A9
:1007A000736520646F6573206E6F74206D6174745F
:1007B00065722E0A0020206828656C702920202090
:1007C00020202020202D2D20646973706C617920F9
:1007D0007468697320746578740A00202077287221
:1007E00069746529202020202020202D2D2077725B
:1007F0006974652063757272656E7420636F6E66CE
:10080000696775726174696F6E20696E746F2074A8
:1008100068652053455455502E494E492066696CF1
:10082000650A0020206B28696C6C2920202020207C
:100830002020202D2D206B696C6C2074686520654C
:100840006D756C61746F72202872657365742061B8
:100850006E6420726573746172742C206C696B65B0
:1008600020726573657420627574746F6E290A0056
:10087000202069286E697429202020202020202033
:100880002D2D20696E697469616C697A6520656DCA
:10089000756C61746F7220286C696B6520756E6968
:1008A00062757320494E4954290A0020207028722D
:1008B000696E7429202020202020202D2D20707288
:1008C000696E742066756C6C20656D756C617469F9
:1008D0006F6E2073746174650A0020207328686F3E
:1008E000772920202020202020202D2D2073686FA4
:1008F000772063757272656E7420756E69742066F8
:10090000696C656E616D652061737369676E6D6595
:100910006E74730A0020206C2869737429202020CB
:1009200020202020202D2D206C69737420616C6C98
:100930002066696C6573206F6E207468652053446F
:1009400020636172640A002020662046494C454EAF
:10095000414D45202020202D2D20657874656E6442
:100960002F7472756E636174652066696C652046CC
:10097000494C454E414D4520746F20646F75626C43
:10098000652064656E736974792073697A650A00FD
:100990002020652046494C454E414D4520202020D1
:1009A0002D2D20657874656E642F7472756E636189
:1009B00074652066696C652046494C454E414D453D
:1009C00020746F2073696E676C652064656E73694F
:1009D00074792073697A650A002020722046494C98
:1009E000454E414D45202020202D2D2072656D6FF4
:1009F00076652066696C652046494C454E414D45FB
:100A00000A0020202020202020202020202020201C
:100A100020202020203020617320666173742061C3
:100A20007320706F737369626C653B203220736949
:100A30006D756C61746573207265616C20525830FD
:100A4000322064726976650A0020207428696D6915
:100A50006E6729204E202020202D2D2074696D697D
:100A60006E67206D6F64652C20303D666173742C59
:100A700020313D6D656469756D2C20323D6E6F725D
:100A80006D616C3B2064656661756C7420300A0092
:100A9000202064286562756729204E2020202020B0
:100AA0002D2D206465627567206C6576656C2C2041
:100AB000303D6E6F6E652C20333D6D61783B206458
:100AC000656661756C7420310A00323D52583032CF
:100AD0002B616E793B2064656661756C7420320A07
:100AE0000020206D286F646529204E2020202020C2
:100AF000202D2D2073657420656D756C6174696F90
:100B00006E206D6F64652C20303D525830312B5271
:100B10005831312C20313D525830312B5258384504
:100B20002C200020206E286F29204E2020202020FD
:100B30002020202D2D2073657420756E6974204E41
:100B40002066696C6520726561642D6F6E6C790A30
:100B50000020207928657329204E20202020202085
:100B6000202D2D2073657420756E6974204E2066CB
:100B7000696C6520726561642D77726974652028DF
:100B800064656661756C74290A002020202020208D
:100B90002020202020202020202020202066696C7A
:100BA00065206E616D6520276E6F6E652720286158
:100BB0006E7920636173652920666F72206E6F20E5
:100BC0006469736B2070726573656E740A0020200F
:100BD000312046494C454E414D45202020202D2DA9
:100BE0002073657420756E697420312066696C65A8
:100BF00020746F2046494C454E414D453B2064656D
:100C00006661756C74205258312E44534B0A002093
:100C100020202020202020202020202020202020D4
:100C2000202066696C65206E616D6520276E6F6E91
:100C300065272028616E7920636173652920666FBE
:100C400072206E6F206469736B2070726573656EBD
:100C5000740A002020302046494C454E414D452025
:100C60002020202D2D2073657420756E697420302E
:100C70002066696C6520746F2046494C454E414D95
:100C8000453B2064656661756C74205258302E4473
:100C9000534B0A000A436F6D6D616E647320617679
:100CA00061696C61626C653A0A0A002A2A2A20533B
:100CB000484F554C44204E455645522047455420F8
:100CC000484552452A2A2A0A000A2A2A2A20526519
:100CD000626F6F74696E672074686520656D756CEE
:100CE00061746F72202A2A2A0A002E2E2E20494E65
:100CF000495420636F6D706C6574650A0053656EAE
:100D000064696E6720494E4954202E2E2E0A0053E6
:100D1000657474696E672074696D696E67206D6FA4
:100D200064653A20256420282573290A00437572DA
:100D300072656E742074696D696E67206D6F64658D
:100D40003A20256420282573290A005365747469A4
:100D50006E67206465627567206D6F64653A202553
:100D60006420282573290A0043757272656E742009
:100D70006465627567206D6F64653A20256420287C
:100D80002573290A0053657474696E6720656D7553
:100D90006C6174696F6E206D6F64653A2025642004
:100DA000282573290A0043757272656E7420656D7B
:100DB000756C6174696F6E20747970653A20256472
:100DC00020282573290A0043757272656E742066A7
:100DD000696C655B25645D3A2027257327202825EB
:100DE00073290A004E6F20737563682066696C650D
:100DF0000A0052656D6F7665642066696C653A20FD
:100E0000272573270A0053657474696E6720666925
:100E10006C655B25645D206D6F64653A2025730AFF
:100E20000053657474696E672066696C655B256440
:100E30005D206D6F64653A2025730A005472756EEB
:100E400063617465642066696C653A2027257327A1
:100E500020746F20256C752E2062797465732028AC
:100E60004444290A00457874656E646564206669A7
:100E70006C653A202725732720746F20256C752E0A
:100E800020627974657320284444290A00556E63F2
:100E900068616E6765642066696C653A2027257312
:100EA0002720697320256C752E2062797465732064
:100EB000284444290A00556E6368616E67656420A2
:100EC00066696C653A202725732720697320256C95
:100ED000752E20627974657320287573652045200E
:100EE000636F6D6D616E64290A005472756E636183
:100EF0007465642066696C653A2027257327207421
:100F00006F20256C752E20627974657320285344F8
:100F1000290A00457874656E6465642066696C65AD
:100F20003A202725732720746F20256C752E2062A8
:100F30007974657320285344290A00556E636861EB
:100F40006E6765642066696C653A202725732720E3
:100F5000697320256C752E2062797465732028537F
:100F600044290A00556E6368616E6765642066698E
:100F70006C653A202725732720697320256C752E10
:100F80002062797465732028757365204620636F2D
:100F90006D6D616E64290A0043757272656E74200E
:100FA00066696C655B25645D3A20272573270A0016
:100FB0005741524E494E473A2066696C6520736925
:100FC0007A65204444206D6F756E74656420696E87
:100FD000206D6F64652052583031210A005741520C
:100FE0004E494E473A2066696C652073697A6520E0
:100FF0006E6F74205344206F72204444202E2E2E96
:101000002075736520452F4620636F6D6D616E649A
:1010100020746F20636F7272656374210A005365D8
:101020007474696E672066696C655B25645D3A203F
:10103000272573270A00557064617465642066690A
:101040006C653A202725732720746F20256C752E38
:101050002062797465730A00557064617465642058
:1010600066696C653A202725732720746F20256CEC
:10107000752E2062797465730A000A005E550A00B5
:1010800000002200250028002B002E003100340033
:1010900002010000050108010B01000020002300EF
:1010A000260029002C002F0032000001000003015F
:1010B0000601090100000A0B02090C0D0E080703C6
:1010C000040100000000000000000000000000001B
:1010D0000000000000000000000000000000000010
:1010E00012111000000000000000000000000000CD
:1010F00000000000000000000000000021002400AB
:1011000027002A002D0030003300010100000401F7
:1011100007010A01010210202008081020401020B9
:1011200040800201020108040201010204081020AB
:1011300040808040201008040201800402018040A9
:101140002010080402010804020101020408102012
:1011500040800102040810204080050505050705B0
:1011600008080808020202020A0A08080404040423
:10117000010101010101010103030303030303034F
:10118000040707070C0C0C0C0C0C0C0C02020202DE
:1011900006060606060606060B0B0B0B0B0B0B0BC7
:1011A000436865636B20534420666F726D61742ED3
:1011B000002C30580053644572726F723A203058D8
:1011C000004E6F20636172642C2077726F6E67200F
:1011D000636869702073656C6563742070696E2C38
:1011E000206F7220776972696E67206572726F7204
:1011F0003F00446F206E6F74207265666F726D6180
:1012000074207468652053442E00626567696E28F7
:1012100029206661696C65640053443A20766F6CDE
:1012200053697A6542797465733D256C754D420A40
:101230000053443A20766F6C436C75737465724347
:101240006F756E743D256C750A0053443A20766FB5
:101250006C4279746573506572436C757374657212
:101260003D256C750A0053443A20766F6C547970B2
:10127000653D46415425640A0053443A2063617237
:101280006453697A653D256C754D420A0053443AB2
:101290002063617264547970653D534425640A008B
:1012A00053443A206C696256657273696F6E3D25CE
:1012B000642E25642E25640A002E2E2E207365745C
:1012C00075702066696C652070726F6365737369F1
:1012D0006E6720636F6D706C657465210A0A00503B
:1012E000726F63657373696E6720736574757020C0
:1012F00066696C652027257327202E2E2E0A00494B
:101300006E697469616C697A6174696F6E20636F6C
:101310006D706C6574652E0A004E6F2076616C6985
:1013200064204D6963726F5344206361726420646A
:10133000657465637465642E0A0056616C69642087
:101340004D6963726F5344206361726420646574F5
:1013500065637465642E0A000A5258303220456D68
:10136000756C61746F7220257320284944452025CF
:10137000752E25752E25752F67636320257329200B
:101380002D202573202D2025730A00456E7465726B
:1013900020427574746F6E20507265737365640AB1
:1013A00000446F776E20427574746F6E20507265C2
:1013B000737365640A00557020427574746F6E20F3
:1013C000507265737365640A004D656E752F4573C1
:1013D0006320427574746F6E205072657373656418
:1013E0000A00530A00542025640A004D2025640A8F
:1013F00000442025640A0025632025640A00256432
:101400002025730A0047656E65726174696E6720F6
:1014100073657475702066696C6520272573270ACB
:101420000000B8719E7B11241FBECFEFD1E2DEBF5A
:10143000CDBF00E00CBF14E0A0E0B2E0E6E6F6E0CD
:1014400001E00BBF02C007900D92A43EB107D9F78F
:1014500021E1A4EEB4E001C01D92A13EB207E1F784
:101460001AE0C2E1DAE000E006C021970109802F0E
:10147000FE010E947580C131D10780E00807A9F7FD
:101480000E9407730C9421830C94000090E080E08C
:10149000089590E080E00895653048F470E0660FAC
:1014A000771F680F791FFB018181928108956B304E
:1014B00048F470E0660F771F680F791FFB01848185
:1014C000958108956D3049F070E0660F771F680FC1
:1014D000791FFB0186819781089590E080E008954F
:1014E000DC01ED91FC910190F081E02D1994AF9217
:1014F000BF92CF92DF92EF92FF920F931F93CF9301
:10150000DF936C017B018B01040F151FEB015E0162
:10151000AE18BF08C017D10759F06991D601ED91F7
:10152000FC910190F081E02DC6011995892B79F786
:10153000C501DF91CF911F910F91FF90EF90DF9048
:10154000CF90BF90AF900895FC01538D448D252F0F
:1015500030E0842F90E0821B930B541710F0CF964D
:10156000089501970895FC01918D828D981761F07F
:10157000A28DAE0FBF2FB11D5D968C91928D9F5F96
:101580009F73928F90E008958FEF9FEF0895FC0175
:10159000918D828D981731F0828DE80FF11D858D28
:1015A00090E008958FEF9FEF0895FC01918D228DBB
:1015B000892F90E0805C9F4F821B91098F73992740
:1015C00008958CEA99E00E94D50A21E0892B09F45C
:1015D00020E0822F0895FC01A48DA80FB92FB11D22
:1015E000A35ABF4F2C91848D90E001968F73992759
:1015F000848FA689B7892C93A089B1898C91837037
:1016000080648C93938D848D981306C00288F3892F
:10161000E02D80818F7D80830895EF92FF920F935C
:101620001F93CF93DF93EC0181E0888F9B8D8C8D8E
:1016300098131AC0E889F989808185FF15C09FB782
:10164000F894EE89FF896083E889F9898081837045
:10165000806480839FBF81E090E0DF91CF911F91F4
:101660000F91FF90EF900895F62E0B8D10E00F5F15
:101670001F4F0F731127E02E8C8D8E110CC00FB6EB
:1016800007FCFACFE889F989808185FFF5CFCE0183
:101690000E94EB0AF1CFEB8DEC0FFD2FF11DE35A09
:1016A000FF4FF0829FB7F8940B8FEA89FB89808106
:1016B0008062CFCFCF93DF93EC01888D8823B9F080
:1016C000AA89BB89E889F9898C9185FD03C080814D
:1016D00086FD0DC00FB607FCF7CF8C9185FFF2CFCA
:1016E000808185FFEDCFCE010E94EB0AE9CFDF912B
:1016F000CF91089580E090E0892B29F00E94E10AC3
:1017000081110E94000080E090E0892B49F080E088
:1017100090E0892B29F00E94000081110E940000B6
:1017200080E090E0892B49F080E090E0892B29F05F
:101730000E94000081110E94000080E090E0892B4F
:1017400049F080E090E0892B29F00E94000081118F
:101750000C94000008958150823108F05AC0E82F9F
:10176000F0E08827E954F44F8F4F0C947580D70B25
:10177000DB0BC90BCF0BD30B090CDE0BE40BE80B17
:10178000EE0BF20BF60BFC0B000C090C040C0A0C14
:101790000E0C809180008F77809380000895809157
:1017A00080008F7DF9CF80918000877FF5CF84B551
:1017B0008F7784BD089584B58F7DFBCF8091B00075
:1017C0008F778093B00008958091B0008F7DF9CF1E
:1017D000809190008F778093900008958091900081
:1017E0008F7DF9CF80919000877FF5CF8091A00009
:1017F0008F778093A00008958091A0008F7DF9CF0E
:101800008091A000877FF5CF809120018F77809312
:1018100020010895809120018F7DF9CF80912001D2
:10182000877FF5CFCF93DF93282F30E0F901EC5479
:10183000FF4E8491F901EC5EFE4ED491F901E65A17
:10184000FE4EC491CC23A1F081110E94AB0BEC2F72
:10185000F0E0EE0FFF1FE656FF4EA591B491EC911C
:10186000ED2381E090E009F480E0DF91CF910895CD
:1018700080E090E0FACF1F93CF93DF93282F30E0E2
:10188000F901EC54FF4E8491F901EC5EFE4ED491C7
:10189000F901E65AFE4EC491CC23A9F0162F81110E
:1018A0000E94AB0BEC2FF0E0EE0FFF1FE058FF4E55
:1018B000A591B4918FB7F894EC91111108C0D0950F
:1018C000DE23DC938FBFDF91CF911F910895DE2B34
:1018D000F8CFCF93DF9390E0FC01EC5EFE4E2491B5
:1018E000865A9E4EFC0184918823C9F090E0880FAF
:1018F000991FFC01E650FF4EA591B491FC01E05800
:10190000FF4EC591D49161110DC09FB7F8948C9191
:10191000209582238C938881282328839FBFDF9181
:10192000CF910895623051F49FB7F8943C91822F83
:10193000809583238C93E8812E2BEFCF8FB7F8947B
:10194000EC912E2B2C938FBFEACF3FB7F894809168
:10195000BF059091C005A091C105B091C20526B503
:10196000A89B05C02F3F19F00196A11DB11D3FBFD7
:10197000BA2FA92F982F8827BC01CD01620F711DA6
:10198000811D911D42E0660F771F881F991F4A95A0
:10199000D1F708958F929F92AF92BF92CF92DF922C
:1019A000EF92FF926B017C010E94A50C4B015C0140
:1019B000C114D104E104F104B9F00E94A50C681926
:1019C00079098A099B09683E73408105910580F376
:1019D00021E0C21AD108E108F10888EE880E83E000
:1019E000981EA11CB11CE4CFFF90EF90DF90CF9028
:1019F000BF90AF909F908F9008952FB7F89460910B
:101A0000BB057091BC058091BD059091BE052FBFAF
:101A100008950895DC01ED91FC910088F189E02D95
:101A20001994DC01ED91FC910190F081E02D199465
:101A3000FF920F931F93CF93DF938C01EB01F42E52
:101A4000642FDC0111968D919C910E940A0DDC019E
:101A50001296ED91FC911397268137812C233D231B
:101A6000232B71F0ED91FC910284F385E02D2F2D55
:101A7000A801BE01DF91CF911F910F91FF901994A2
:101A800090E080E0DF91CF911F910F91FF9008953A
:101A900024E06202B0011124DC01ED91FC91E60F1B
:101AA000F71F838108956F927F928F929F92AF92DA
:101AB000CF92DF92EF92FF920F931F93CF93DF931A
:101AC000EC01F62EEE81FF81662E660F7708C301CA
:101AD000880F991F880F991F0190F081E02DE80F62
:101AE000F91F6081418182819381042E000C550B86
:101AF000062E000C770B8A01090F111D97FD1A9510
:101B0000015011099B01280F311D87FD3A95215085
:101B10003109E881F9811F920284F385E02D882440
:101B20008394912CA12CD12CC12CB0E2EB2ECE01B0
:101B30001995E881F9810288F389E02D2F2D40E085
:101B400060E0CE011995EE81FF81660C771C8281E1
:101B50009381680E791EF301118210820F90DF913C
:101B6000CF911F910F91FF90EF90DF90CF90AF90AA
:101B70009F908F907F906F9008952F923F924F92F9
:101B80005F926F927F928F929F92AF92BF92CF920D
:101B9000EF92FF920F931F93CF93DF93EC012B01F2
:101BA0005A01122FE881F9810488F589E02D00E0BF
:101BB00021E030E040E061E070E0199584E0180237
:101BC00010011124D5011296ED91FC91828184FFC0
:101BD0005EC0912C812CD501ED91FC910190F0819A
:101BE000E02DC5011995082E000C990B8816990651
:101BF0000CF0D8C0D501ED91FC910088F189E02D61
:101C0000682DC50119953C01FC0124813581E881CD
:101C1000F9810488F589E02D00E040E061E070E0A2
:101C2000CE011995D30114962D913C91E881F9814B
:101C30000688F789E02DE12E40E0682DCE01199548
:101C4000F30124813581E881F9810488F589E02D4B
:101C500040E061E070E0CE011995D301ED91FC9177
:101C60000480F581E02DAE81BF810D90BC91A02D47
:101C7000A20DB31D1296EC90C12E082D9E0140E0DE
:101C8000B201C3011995BFEF8B1A9B0AA4CFE8815B
:101C9000F9810088F189E02D612FCE011995E88145
:101CA000F9810288F389E02D212F40E060E0CE0128
:101CB0001995712C612F8E819F810E94480D781695
:101CC0000CF070C0D501ED91FC910190F081E02DF8
:101CD000C501199578160CF065C0D501ED91FC9100
:101CE0000088F189E02D672DC50119954C01FC0193
:101CF000E480F580E881F9810484F585E02DC12C2C
:101D000000E030E020E0412F672DCE011995E881F9
:101D1000F9810288F389E02D212F472D60E0CE0163
:101D20001995D40114962D913C91E881F98104888C
:101D3000F589E02D40E061E070E0CE011995F401F5
:101D400024813581E881F9810688F789E02DE12E2B
:101D500040E0672DCE011995D40114962D913C9148
:101D6000E881F9810488F589E02D40E061E070E0C8
:101D7000CE011995D401ED91FC910480F581E02DFF
:101D8000AE81BF810D90BC91A02DA20DB31D129606
:101D9000EC90C12E072D9E0140E0B201C4011995BF
:101DA000739488CFDF91CF911F910F91FF90EF90A7
:101DB000CF90BF90AF909F908F907F906F905F90EB
:101DC0004F903F902F9008950F931F93CF93DF93E1
:101DD0008C01D0E0C0E0D8018D919C911197C8177B
:101DE000D9079CF4CE01880F991F1296ED91FC91B2
:101DF000E80FF91F80819181DC01ED91FC9106844F
:101E0000F785E02D19952196E6CFDF91CF911F91AF
:101E10000F9108955F926F927F928F929F92AF92EF
:101E2000BF92CF92DF92EF92FF920F931F93CF93C7
:101E3000DF93CDB7DEB76C01F62E572E4A0139017C
:101E4000081519050CF1D601ED91FC910288F38972
:101E5000E02D20E0482D6F2DC6011995AF2CB52C33
:101E60006A147B046CF0D601ED91FC910190F08135
:101E7000E02D6E2DC6011995BFEFAB1ABB0AF0CF4E
:101E80008FEF881A980ADCCFC601DF91CF911F919E
:101E90000F91FF90EF90DF90CF90BF90AF909F9009
:101EA0008F907F906F905F900895EF92FF920F93C5
:101EB0001F93CF93DF93EC01F62EE42EE881F98196
:101EC0000288F389E02D242F462F60E0199510E059
:101ED00000E0EE81FF810190F081E02D8281082EEB
:101EE000000C990B081719073CF460E2CE010E9420
:101EF000700A0F5F1F4FEDCFE881F9810288F389E7
:101F0000E02D2E2D4F2D60E0CE01DF91CF911F915E
:101F10000F91FF90EF901994CF93DF93CDB7DEB779
:101F2000DF91CF910895EF92FF920F931F93CF937C
:101F3000DF93EC01142F7901E881F9810488F58998
:101F4000E02D64E070E01995E881F9810190F0815D
:101F5000E02D60E2112331F06091520AEF2811F078
:101F60006091510ACE01DF91CF911F910F91FF90A7
:101F7000EF9019940895BF92CF92DF92EF92FF9263
:101F80000F931F93CF93DF937C018B01B42EFB0142
:101F9000C42E440FDD08EF012196608161110EC04F
:101FA000C01BD10B8C2F8150DF91CF911F910F91CE
:101FB000FF90EF90DF90CF90BF900895BB2029F065
:101FC000E01BF10BEC15FD055CF7D701ED91FC91E1
:101FD0000190F081E02DC7011995FE01DCCF80E072
:101FE000089508957F928F929F92AF92BF92CF9261
:101FF000DF92EF92FF920F931F93CF93DF93EC0149
:102000005B017A01822E1E82EA81FB8182819381AB
:102010006C0124E1C222DD24C114D10429F110E0B5
:1020200000E0E881F9810190F081E02DCE01199561
:10203000082E000C990B081719070CF0B5C0E881A1
:10204000F9810088F189E02D602FCE011995DC011E
:10205000ED91FC910280F381E02D20E0A701B50114
:1020600019950F5F1F4FDDCFDB011396ED91FC91AA
:102070009780B92D25E0B2028001112482FF13C0A0
:1020800084819581B80165507109680F791FDB0162
:1020900011968D919C91DC01ED91FC910280F38170
:1020A000E02D282D199560E0F701868197810E9427
:1020B000480DEA81FB8120853185D5011396ED918C
:1020C000FC9191E021FD0CC09085992309F46AC030
:1020D0003695279536952795B1E02B27922F91704D
:1020E00024813581020F131FD8011196ED91FC91C7
:1020F0000280F381E02D42815381882009F454C08D
:10210000292D990C330B4471552761E070E0452B64
:1021100011F470E060E0261B370BF7014481558114
:10212000240F351FD9017C90882E891A082C000CA9
:102130009908172D1C0DC814D904B4F5E881F9814C
:102140000190F081E02DCE01199518176CF5E8810A
:10215000F9810088F189E02D612FCE011995DC010C
:10216000ED91FC910280F381E02D20E0A701B50103
:102170001995E881F9810088F189E02D612FCE0160
:102180001995DC01ED91FC910680F781E02D00E0CE
:1021900020E0A701B5011995811106C0BFEFCB1A48
:1021A000DB0AC7CF90E09CCFDF91CF911F910F91B9
:1021B000FF90EF90DF90CF90BF90AF909F908F9067
:1021C0007F9008953F924F925F926F927F928F928D
:1021D0009F92AF92BF92CF92DF92EF92FF920F93B6
:1021E0001F93CF93DF9300D01F92CDB7DEB7DC01F2
:1021F00016963C903110FBC0102F7A016B019C8326
:102200008B83FC010280F381E02DFA83E9838281D4
:102210009381AC0144715527452B79F1B12CA12C48
:10222000AB81BC81ED91FC9111970190F081E02D83
:10223000CD011995082E000C990BA816B9060CF0C3
:102240004DC0AB81BC81ED91FC9111970088F18963
:10225000E02D6A2DCD011995DC01ED91FC910680F0
:10226000F781E02D012F20E0A701B601199581111A
:10227000BEC0BFEFAB1ABB0AD3CFFB014181528175
:102280006B817C816417750749F5222339F18380BE
:102290009480D40117960C91179714964D905C90EA
:1022A000B5E00B02300111245C01E4E0AE22BB2456
:1022B00082FF2BC0B30165507109640D751DDB01F0
:1022C00011968D919C91DC01ED91FC910680F78136
:1022D000E02D012F21E0A7011995382E832D0F90B5
:1022E0000F900F900F90DF91CF911F910F91FF9062
:1022F000EF90DF90CF90BF90AF909F908F907F90A6
:102300006F905F904F903F90089560E0F701868155
:1023100097810E94480DA981BA8118962D913C9110
:1023200021FD61C0F4019085992309F45EC03695C2
:10233000279536952795F1E02F272170882E821A50
:10234000402F000F550B460C571CF201A181B281A2
:1023500012960D90BC91A02D12968D919C91847136
:10236000992721E030E0892B11F430E020E0CA0108
:10237000821B930BD7011496ED91FC91E80FF91F86
:102380007080082C000C9908072D0A0DA814B904B8
:102390000CF0A4CFAB81BC81ED91FC911197019021
:1023A000F081E02DCD01199508170CF097CFAB8186
:1023B000BC81ED91FC9111970088F189E02D602F8F
:1023C000CD011995DC01ED91FC910680F781E02D9E
:1023D000012F20E0A701B6011995811108C0BFEFB8
:1023E000AB1ABB0AD1CF21E0A9CF20E0A7CF33247D
:1023F000339474CFDC01CB01BA011296ED91FC91BC
:1024000013970190F081E02DAD011994FC018681B4
:102410000895DC0117962C9117971496ED91FC9175
:10242000B5E02B02E00DF11D112481819281089508
:10243000CF93DF93EC010E9409122F81AC81BD8103
:1024400035E02302A00DB11D1124EC01E881F981D2
:102450000088F189E02D6C91DF91CF911994209142
:102460007005260F3327331F21323105ECF42091FC
:102470009405FC0190E080E0243069F082E008954A
:10248000A09170052191AC01405B5A4FA40FB52F6C
:10249000B11D2C930196861798F380917005680FF3
:1024A0006093700580E0089581E0089508958FEFAE
:1024B0009FEF08958FEF9FEF08958091490590E079
:1024C0009195819591090895CF93DF93CB01EA010E
:1024D000642F0E942F12CE01DF91CF910895CF93E8
:1024E000DF931F92CDB7DEB7698361E0CE0101961D
:1024F0000E942F1281E090E00F90DF91CF9108951C
:1025000001976A307105E0F033E3639F6627030E9D
:10251000611D202D739F7727600D711D1124260FDB
:10252000671F711D270F611D711D76956795279592
:102530003AE0239F212D1124205DFC012083E0CF70
:10254000605DFC0160830895CF93DF93EB0144232A
:1025500019F0FC014293CF01BE010E9480122A971C
:1025600020F4FC0180E38293CF01DF91CF910895A5
:10257000AF92BF92CF92DF92EF92FF920F931F9391
:10258000CF93DF93CDB7DEB760970FB6F894DEBF79
:102590000FBECDBF6C018B015A01CE0141967C016B
:1025A000672B09F44EC0BA0125E0769567952A9508
:1025B000E1F76F73772740E00E94A4126B2D6695B8
:1025C000669566954AE370E00E94A41220E2DC0161
:1025D0002E93CD01B8016F71772740E00E94A412BD
:1025E000B80135E0769567953A95E1F76F707727F2
:1025F0004DE20E94A412B801672F772766956454B4
:10260000784F4DE20E94A412A701481B590BD60136
:10261000ED91FC910280F381E02DBC01C60119957A
:1026200060960FB6F894DEBF0FBECDBFDF91CF919D
:102630001F910F91FF90EF90DF90CF90BF90AF90E0
:102640000895FC0120E2CE01019622938E179F0788
:10265000E1F7C7014097D8CF8EBD00000DB407FE4B
:10266000FDCF8EB50895FC01928183819CBD8DBD07
:1026700081E0878360E085810E943B0C8FEF0C94A2
:102680002C138FEF0C942C13CF93DF93EC010E944B
:10269000FD0CC60FD71F0E9441138F3F59F00E94B7
:1026A000FD0CCE01861B970B97FFF5CF80E0DF91E5
:1026B000CF91089581E0FBCFCF93DF93FC01278179
:1026C000222349F0EC0161E085810E943B0C8FEFF1
:1026D0000E942C131F82DF91CF9108951F93CF93F7
:1026E000DF93EC0188E592E00E944413182F8823C1
:1026F00061F08DEF0E942C13CE010E945C131886AE
:10270000812FDF91CF911F9108958FE18E83CE01AC
:102710000E945C13F5CF0F931F93CF93DF938C012F
:10272000862FEA010E942C13FE0181918EBDDE5F8F
:10273000EC17FD0741F08191000000000DB407FE89
:10274000FDCF8EBDF5CF0DB407FEFDCF8FEF0E94FC
:102750002C138FEF0E942C130E944113F8018187E4
:102760008F71853059F081E28683C8010E945C1325
:1027700080E0DF91CF911F910F91089581E0F9CF13
:10278000CF92DF92EF92FF920F931F93CF93DF933D
:10279000EC018B017A010E94FD0C6B0124EDC21A41
:1027A0002EEFD20A0E94411389878F3FB1F40E9415
:1027B000FD0CC601861B970B97FFF4CF8EE18E832D
:1027C000CE010E945C1380E0DF91CF911F910F91A9
:1027D000FF90EF90DF90CF9008958E3F11F089E148
:1027E000EECF8FEF8EBDF801C7013FEF019749F0A3
:1027F000000000000DB407FEFDCF2EB53EBD2193B5
:10280000F5CF81E0E81AF1080E0D1F1D0DB407FE8B
:10281000FDCF8EB5F801808319860E9441130E9476
:10282000411381E0D1CFDF92EF92FF920F931F937C
:10283000CF93DF93EC01162F022FF32EE42ED52E2B
:102840000E9443178823D1F18F81811103C0CE01EB
:102850000E94331311112AC0812F80640E942C130F
:102860008D2D0E942C138E2D0E942C138F2D0E94D3
:102870002C13802F0E942C1387E8111101C085E9C9
:102880000E942C130E9441130AE010E00E944113A1
:10289000898787FF03C001501109C1F7DF91CF91EC
:1028A0001F910F91FF90EF90DF9008951C30A1F2DF
:1028B0008CE291E00E9444138111CECF8FEFEECFD6
:1028C0008F929F92AF92BF92CF92DF92EF92FF9240
:1028D0000F931F93CF93DF93EC014A015B016901D2
:1028E0008885823049F48B859C85AD85BE858815A9
:1028F0009905AA05BB0559F18A85A5019401833084
:1029000039F089E0220F331F441F551F8A95D1F7F4
:1029100069E1CE010E941314882399F08EE08E8322
:10292000CE010E945C1380E0DF91CF911F910F9147
:10293000FF90EF90DF90CF90BF90AF909F908F90DF
:10294000089582E088878B869C86AD86BE86F12CB2
:10295000E12CE016F106A9F088E592E00E9444130C
:10296000811102C085E2DBCFA6016CEFCE010E948F
:102970008B138823A9F28FEFE81AF80A8EEFD81A82
:10298000E8CF8B859C85AD85BE858E0D9F1DA11DD5
:10299000B11D8B879C87AD87BE878F858111C4CF82
:1029A000CE01DF91CF911F910F91FF90EF90DF90BB
:1029B000CF90BF90AF909F908F900C946E13EF923A
:1029C000FF920F931F93CF93DF93EC0179011F8543
:1029D000112369F001E010E00E946014182F812F8C
:1029E000DF91CF911F910F91FF90EF9008958A850D
:1029F000833039F089E0440F551F661F771F8A9591
:102A0000D1F79A01AB0168E1CE010E94131488232B
:102A100031F08DE08E83CE010E945C13E0CFA701E0
:102A20006EEFCE010E948B138823A9F388E592E014
:102A30000E944413082F84E2002361F320E030E079
:102A4000A9016DE0CE010E941314882311F08AE0E1
:102A5000E1CF0E9441138111FACFCE010E945C1395
:102A6000102FBDCFEF92FF921F93CF93DF93FC0106
:102A7000208111E020FF12C0EC017C01FBE0EF0E91
:102A8000F11C4F81588569857A85970189819A81E2
:102A90000E94DF14182F811108C010E0812FDF91F0
:102AA000CF911F91FF90EF900895888181FD04C020
:102AB00088818E7F8883F2CF4F81588569857A859A
:102AC0008B819C81AD81BE81480F591F6A1F7B1F7E
:102AD000970189819A810E94DF148111E9CFDDCFAE
:102AE000CF93DF93EC01188620E030E0A9016CE081
:102AF0000E941314882349F089E08E83CE010E943E
:102B00005C1380E0DF91CF910895CE010E945C13A9
:102B100081E0F8CF8F929F92AF92BF92CF92DF92D7
:102B2000EF92FF920F931F93CF93DF93EC014A0133
:102B30005B0169018885813049F48B859C85AD8571
:102B4000BE8588159905AA05BB0559F18A85A50199
:102B50009401833039F089E0220F331F441F551F41
:102B60008A95D1F762E1CE010E941314882399F06F
:102B70008CE08E83CE010E945C1380E0DF91CF91C8
:102B80001F910F91FF90EF90DF90CF90BF90AF908B
:102B90009F908F90089581E088878B869C86AD8674
:102BA000BE86F12CE12CE016F10671F040E052E017
:102BB000B601CE010E94C013882301F38FEFE81AFB
:102BC000F80A8EEFD81AEFCF8B859C85AD85BE8530
:102BD0008E0D9F1DA11DB11D8B879C87AD87BE8764
:102BE0008F858111CBCFCE01DF91CF911F910F91B6
:102BF000FF90EF90DF90CF90BF90AF909F908F901D
:102C00000C9470158F929F92AF92BF92FF920F9388
:102C10001F93CF93DF93DC011196ED91FC91EF2B85
:102C200061F490E080E0DF91CF911F910F91FF90D0
:102C3000BF90AF909F908F900895F22E4A015B0154
:102C4000EC018F819885A985BA8588159905AA0513
:102C5000BB0561F0CE010E943215882311F3F2FE0C
:102C60000DC018828F829886A986BA862F2D237070
:102C7000F880F22AF882CE010B96D5CF01E010E061
:102C80009E01255F3F4FB501A40189819A810E9471
:102C90008A158111E6CFC5CF2F923F924F925F9256
:102CA0006F927F928F929F92AF92BF92CF92DF925C
:102CB000EF92FF921F93CF93DF9300D000D000D00C
:102CC0001F92CDB7DEB79A87898749835A836B8372
:102CD0007C836A017B0122E0C21AD108E108F10875
:102CE000452B462B472B41F4E985FA85E55FFD4FDF
:102CF000C080D180E280F38089859A85855E9D4F72
:102D000098878F83FC0180819181A281B381C8164D
:102D1000D906EA06FB0618F0C12CD12C7601D701A2
:102D2000C60143E0B695A795979587954A95D1F743
:102D30001C01F1E03F2211E0C6018770992701C014
:102D4000110F8A95EAF726013701460157012985B7
:102D50003A85295E3D4F3E832D83ED81FE81808142
:102D60009181A281B381B501A4013CE0769567957C
:102D7000579547953A95D1F7480F591F6A1F7B1F02
:102D800020E089859A850E940216009709F472C096
:102D9000FC01E20DF31D2081FFEF8F1A9F0AAF0A9D
:102DA000BF0A322F3123D1F5B501A40144195509C9
:102DB00066097709413051056105710589F58981F9
:102DC0009A81AB81BC81892B8A2B8B2B49F4A985F5
:102DD000BA85A55FBD4FFD01408251826282738238
:102DE000C301B2016E5F7F4F8F4F9F4F2A960FB680
:102DF000F894DEBF0FBECDBFDF91CF911F91FF9042
:102E0000EF90DF90CF90BF90AF909F908F907F908A
:102E10006F905F904F903F902F900895240135015F
:102E2000C814D904EA04FB0449F1AF81B8854D9177
:102E30005D916D917C9184169506A606B70680F487
:102E4000110F09F0A9CF91012F5F3F4F312C212C99
:102E500011E02115B2E03B0708F07FCF190198CFB0
:102E6000212C22E0322E412C512C3201812C912C2C
:102E70005401E9CF60E070E0CB01B8CF61E070E0D1
:102E800080E090E0B3CFFC012085223011F40C9457
:102E90006E13213011F40C94701581E008958F9217
:102EA0009F92AF92BF92CF92DF92EF92FF920F93D9
:102EB0001F93423051056105710560F480E01F9158
:102EC0000F91FF90EF90DF90CF90BF90AF909F90C9
:102ED0008F900895FC01C08CD18CE28CF38CC416C9
:102EE000D506E606F70650F3480159016A018581C7
:102EF000803229F584899589A689B78917E0769566
:102F00006795579547951A95D1F7480F591F6A1F2E
:102F10007B1F23E0CF0180960E940216009771F27A
:102F2000CC0CDD1CCC0CDD1CF1E0DF228C0D9D1DDA
:102F3000FC0180829182A282B38281E0C0CF803185
:102F400009F0BCCF44895589668977894D0D511D9B
:102F5000611D711D23E0CF0180960E94021600972B
:102F600009F4ACCFCC0CDD1CF1E0DF22C80ED91E79
:102F7000F60111830083E1CFCF92DF92EF92FF92AF
:102F80000F931F93CF93DF93423051056105710575
:102F900050F48FEFDF91CF911F910F91FF90EF9041
:102FA000DF90CF900895FC01C08CD18CE28CF38C23
:102FB000C416D506E606F70660F389016A01EC013E
:102FC0008581803299F584899589A689B789E7E05A
:102FD0007695679557954795EA95D1F7480F591F0C
:102FE0006A1F7B1F22E0CE0180960E940216009786
:102FF00081F2CC0CDD1CCC0CDD1CF1E0DF228C0D51
:103000009D1DFC0180819181A281B381488D598DE4
:103010006A8D7B8D481759076A077B0730F1F801E5
:1030200080839183A283B38381E0B4CF803109F0A0
:10303000B0CF44895589668977894D0D511D611D31
:10304000711D22E0CF0180960E940216009709F4BC
:10305000A0CFCC0CDD1CF1E0DF22C80ED91EF6019A
:1030600080819181B0E0A0E0D1CF80E093CF9F92AA
:10307000AF92BF92CF92DF92EF92FF920F931F9386
:10308000CF93DF9300D01F92CDB7DEB75C016A010A
:103090007B019E012F5F3F4FB701A601C5010E9432
:1030A000BC17982E87FD34C000E010E09801B701EE
:1030B000A601C5010E944F17882351F1F5014085F3
:1030C000518562857385C416D506E606F70650F469
:1030D000F1E0CF1AD108E108F108F501C086D186E8
:1030E000E286F386C980DA80EB80FC809110D1CF34
:1030F0000F900F900F900F90DF91CF911F910F9134
:10310000FF90EF90DF90CF90BF90AF909F90089589
:1031100080E0EECFFC019C01255F3F4F80E080FB0B
:10312000879587F99191890FE217F307C1F7089501
:103130004F925F926F927F928F929F92AF92BF92C7
:10314000CF92DF92EF92FF920F931F93CF93DF9373
:10315000EC014A015B014C845D846E847F8428818C
:10316000222309F45CC0488959896A897B894815FA
:1031700059056A057B0581F081149104A104B1040D
:1031800069F41C861D861E861F86888A998AAA8AEB
:10319000BB8A8A818F7D8A8381E046C023FF2CC051
:1031A000888D998DAA8DBB8D88159905AA05BB05BB
:1031B000B0F1EE81FF813481375F7501640181E0F8
:1031C000C81AD108E108F108032E04C0F694E79468
:1031D000D794C7940A94D2F78A8186FF36C08C8D23
:1031E0009D8DAE8DBF8D8C0D9D1DAE1DBF1D8C8721
:1031F0009D87AE87BF87C9CF26FFDBCFEE81FF81DA
:103200008681978125E0880F991F2A95E1F7B0E024
:10321000A0E088159905AA05BB0508F0B6CF4C8635
:103220005D866E867F8680E0DF91CF911F910F9142
:10323000FF90EF90DF90CF90BF90AF909F908F90D6
:103240007F906F905F904F900895DB01CA010197C6
:10325000A109B10904C0B695A795979587953A95A8
:10326000D2F7C816D906EA06FB0620F0452B462BF6
:10327000472B49F527FF22C0848D958DA68DB78DEC
:103280008C879D87AE87BF878E01045F1F4FC11457
:10329000D104E104F10409F478CF4C855D856E8595
:1032A0007F8598018E819F810E94BC1791E0C91A89
:1032B000D108E108F108181654F3B1CF8C8D9D8D1B
:1032C000AE8DBF8DDDCFC81AD90AEA0AFB0ADCCF62
:1032D000CF93DF93EC01262F4C895D896E897F891E
:1032E0008E819F8180960E940216009759F02C8152
:1032F0003D812F70332745E0220F331F4A95E1F7B8
:10330000820F931FDF91CF910895CF92DF92EF92BA
:10331000FF920F931F93CF93DF93FC01EB018A0180
:103320009081992309F44BC0907C71F08FE28883DF
:10333000198281E090E0DF91CF911F910F91FF9072
:10334000EF90DF90CF90089560E0CF010E94681960
:10335000DC010097A1F16C0130E068E090E0F6013B
:103360002081383099F4203221F160E12EE2492F9A
:1033700050E07A018FEFE81AF80AE016F106F8F447
:103380009F5F4C0F5D1FFA01208310C0FFEFCF1A23
:10339000DF0A8FEB820F8A3138F41C968C911C97D0
:1033A000862311F0205EE3CF203209F73F5F3C30E7
:1033B000B1F6892F90E0C80FD91F1882BCCF1882B0
:1033C00090E080E0B8CF3F924F925F926F927F92F1
:1033D0008F929F92AF92BF92CF92DF92EF92FF9225
:1033E0000F931F93CF93DF9300D01F92CDB7DEB71B
:1033F0005C01FC01448455846684778486809780D0
:10340000F401C084D184E284F384C414D504E604B6
:10341000F704C0F47301620110E0FFEFCF1ADF0A76
:10342000EF0AFF0AF401808D918DA28DB38D8C156A
:103430009D05AE05BF0540F4111132C0C084D18492
:10344000E284F38411E0E9CF4C145D046E047F0440
:1034500039F19E012F5F3F4FB701A601C4010E94C1
:10346000BC1787FD1DC08823C1F289819A81AB8179
:10347000BC81892B8A2B8B2B81F6112329F0F40137
:10348000C086D186E286F3860FEF1FEF2FEF3FE075
:10349000B701A601C4010E944F17382E811118C030
:1034A000312C832D0F900F900F900F90DF91CF91C3
:1034B0001F910F91FF90EF90DF90CF90BF90AF9052
:1034C0009F908F907F906F905F904F903F90089566
:1034D0004114510461047104B9F4F501C486D58620
:1034E000E686F78682814114510461047104B1F0CB
:1034F000FFEF4F1A5F0A6F0A7F0A4C145D046E04D7
:103500007F0479F08F7B0BC097018601B301A20184
:10351000C4010E944F178111E0CFC2CF8064F50132
:103520008283F501828180688283BBCFCF93DF9352
:10353000EC0180960E943215882331F088819981B0
:10354000DF91CF910C94431780E0DF91CF910895E4
:10355000CF93DF93FC012081211104C081E0DF9132
:10356000CF910895EC01828187FF28C061E0CF01EF
:103570000E946819FC01892B29F489818160898363
:1035800080E0EDCF8081853EC1F38881877383879A
:10359000888183FF08C0888D998DAA8DBB8D848F0B
:1035A000958FA68FB78F8C8D9D8DAE8DBF8D938F90
:1035B000828FB58BA48B8A818F778A838E819F813E
:1035C0000E94961A8823C9F2C9CF8F929F92AF9218
:1035D000BF92CF92DF92EF92FF920F931F934230F0
:1035E00051056105710560F480E01F910F91FF9016
:1035F000EF90DF90CF90BF90AF909F908F90089505
:10360000FC01E55EFD4FC080D180E280F380EFEFEA
:10361000CE1ADE0AEE0AFE0AC416D506E606F7063C
:1036200018F3480159016A01FC01E15FFD4F37E0E1
:1036300076956795579547953A95D1F70081118111
:1036400022813381400F511F621F731F21E00E94AE
:103650000216009749F2CC0CDD1CCC0CDD1CF1E00D
:10366000DF22C80ED91EF60180829182A282B38227
:1036700081E0BBCFCF92DF92EF92FF920F931F9327
:10368000CF93DF93E901FC01E55EFD4F00811181DD
:10369000228133810F5F1F4F2F4F3F4F04171507B4
:1036A0002607370750F48FEFDF91CF911F910F91CD
:1036B000FF90EF90DF90CF9008956A01FC01E15FE9
:1036C000FD4F37E076956795579547953A95D1F731
:1036D0000081118122813381400F511F621F731FAE
:1036E00020E00E9402160097F1F2CC0CDD1CCC0CFD
:1036F000DD1C21E0D222C80ED91EF6018081918105
:10370000A281B3818F3FFFEF9F07AF07BF0731F063
:1037100088839983AA83BB8381E0C6CF80E0C4CF2E
:103720000F931F93CF93DF93EB01E42FDC01AD5D8B
:10373000BD4F4D915D916D917C9113970C811D81D1
:103740002E813F81402351236223732329E0769504
:103750006795579547952A95D1F7088119812A8150
:103760003B8102501109210931091B96FC9104C0CB
:10377000000F111F221F331FFA95D2F7400F511F60
:10378000621F731F57970D911D912D913C91400F12
:10379000511F621F731F2E2F0E940216009729F0DF
:1037A0002C813D813170820F931FDF91CF911F914A
:1037B0000F9108954F925F926F927F928F929F9296
:1037C000AF92BF92CF92DF92EF920F931F93CF935E
:1037D000DF936C0148015901DB01CA010297A1097D
:1037E000B109AC01BD01480D591D6A1D7B1DF601D3
:1037F000E55EFD4F00811181228133810417150799
:103800002607370708F47FC0709740805180628098
:103810007380EE2009F46CC0481659066A067B06D0
:1038200088F0441655066606770660F4401751077F
:103830006207730718F040E050E0BA0140835183FB
:10384000628373839C012770332711E001C0110F3D
:103850002A95EAF72C013D012CE076946794579461
:1038600047942A95D1F7F601E95EFD4F40815181D9
:1038700062817381440D551D661D771D33E0B69539
:10388000A795979587953A95D1F7EC01D1702A01C4
:103890003B012FEF421A520A620A720A21E0C60166
:1038A0000E940216009779F1FC01EC0FFD1FA12F79
:1038B0002081422F4A2331E009F430E03E1519F10E
:1038C0002A272083B1E08B1A9108A108B10861F181
:1038D000AA0F71F73196B301A201D0E0C0E011E068
:1038E000A1E09F01281B390B2115324009F7CFCFEA
:1038F00084159505A605B70508F0A4CF80839183AC
:10390000A283B3839FCF80E0DF91CF911F910F916E
:10391000EF90DF90CF90BF90AF909F908F907F906F
:103920006F905F904F90089581E0EECF4F925F923D
:103930006F927F928F929F92AF92BF92CF92DF92BF
:10394000EF92FF920F931F93CF93DF9300D01F92BC
:10395000CDB7DEB74C016A017B012A013B019E0114
:103960002F5F3F4FB701A601C4010E943A1BA82E4A
:1039700087FD49C000E010E09801B701A601C4012D
:103980000E94E51AB82E8823F1F18FEFC81AD80AE1
:10399000E80AF80AAA2049F089819A81AB81BC81A2
:1039A0008C159D05AE05BF0591F0970186010419A0
:1039B000150926093709E12CB301A201C4010E94AF
:1039C000DA1B882301F149805A806B807C80C98092
:1039D000DA80EB80FC80A110C2CF8B2D0F900F906E
:1039E0000F900F90DF91CF911F910F91FF90EF906B
:1039F000DF90CF90BF90AF909F908F907F906F900F
:103A00005F904F900895B12CE8CF4F925F926F92E4
:103A10007F928F929F92AF92BF92EF92FF920F93FD
:103A20001F93CF93DF93EC0188A199A1488D598D05
:103A30006A8D7B8D4115510561057105F9F04F5F68
:103A40005F4F6F4F7F4F0E944C164B015C0122E08D
:103A500082169104A104B104A8F4F12C8F2DDF91FA
:103A6000CF911F910F91FF90EF90BF90AF909F90DB
:103A70008F907F906F905F904F90089540E050E05E
:103A8000BA01E1CFEE24E39401E010E020E030E061
:103A9000BC01A40188A199A10E94DA1BF82E8823F9
:103AA000E1F2488D598D6A8D7B8D8EA541155105AA
:103AB0006105710539F480648EA7888E998EAA8E6F
:103AC000BB8ECCCF86FF2AC04F5F5F4F6F4F7F4FBB
:103AD000481559056A057B0581F38F7B8EA74C8DB0
:103AE0005D8D6E8D7F8D88A199A1488C598C6A8CD3
:103AF0007B8C441555056605770580F42A013B014A
:103B00002FEF421A520A620A720A930182010E943E
:103B1000E51AB301A2018111E6CF9FCF0FEF1FEF8E
:103B20009801B501A40188A199A10E94E51A8823F2
:103B300009F493CF488D598D6A8D7B8D41155105C0
:103B40006105710509F4B9CF9501840188A199A196
:103B50000E94E51A8111B1CF80CFCF93DF93EC01A2
:103B60000E943215882341F0C55DDD4F888199811F
:103B7000DF91CF910C94431780E0DF91CF910895AE
:103B80002F923F924F925F926F927F928F929F926D
:103B9000AF92BF92CF92DF92EF92FF920F931F935B
:103BA000CF93DF93CDB7DEB762970FB6F894DEBF41
:103BB0000FBECDBF988B8F874801222E3D834E8349
:103BC000352E2B01DC0158962D913D914D915C9144
:103BD0005B972B873C874D875E879C96BC91BF8304
:103BE000BB2309F4E3C0FC01F081F887DC011196E6
:103BF000BC91B987FC01F281FA87DC0113966C90C5
:103C0000139714967C9014971596BC91FC01F6813D
:103C1000F98BFC01F781FA8B288539854A85562D69
:103C2000672D7B2F89899F2F5801C22CDD80EE8064
:103C3000F32C82010E941781F1F09401422D5D2D39
:103C40006E2D732DC201A0E00E942081B1F4AF85DA
:103C5000B88958961D921D921D921C925B97EF8514
:103C6000F8898082918222822D8123833E81348350
:103C700035824682578281E0A4C0EF81E3FF10C005
:103C8000EF85F8892089318942895389648975894A
:103C900086899789DD80EE800E94178108F486C0AE
:103CA000EF85F889A0A0B1A0C501825D9D4FFC0100
:103CB0001081175F9401422D5D816E81732DC201C9
:103CC000AFEF0E940281012F0E94DE80942F852F8A
:103CD000A901692F782F69017B01EF85F88986A5F5
:103CE00086FF0DC0848D958DA68DB78D840F951F91
:103CF000A61FB71F808F918FA28FB38FB0CF28855B
:103D000039854A85562D672D7B2F89899A89AFEF92
:103D10000E9402810E94DE8029833A834B835C8368
:103D200029813A814B815C81C216D306E406F506EF
:103D300068F0288539854A85562D672D7B2F89891E
:103D40009A89A0E00E94208109F05BC0BF81B6FF84
:103D500051C0F501E15EFD4F80819181A281B38167
:103D6000EF85F889808F918FA28FB38F6F847888C9
:103D700038E1630E711CC114D104E104F10409F4AB
:103D80006ECFAF85B88958964D915D916D917C91BC
:103D90005B97930190968D919C910E943A1BB1E0A4
:103DA000CB1AD108E108F10818162CF38B859C85F5
:103DB000AD85BE85EF85F889808F918FA28FB38FF7
:103DC00080E062960FB6F894DEBF0FBECDBFDF91E4
:103DD000CF911F910F91FF90EF90DF90CF90BF9008
:103DE000AF909F908F907F906F905F904F903F909B
:103DF0002F900895EF85F889848D958DA68DB78DC8
:103E0000AFCF29813A814B815C81C21AD30AE40A7F
:103E1000F50AACCF0F931F93F42FE52FA091610FFC
:103E2000B091620F109741F0A9016F2F7E2FCD0145
:103E30001F910F910C949818A091630FB091640F8B
:103E4000109759F0AB0189012F2F3E2FBC01CD01F6
:103E50000E94C01D1F910F91089580E0FBCF9F929B
:103E6000AF92BF92CF92DF92EF92FF920F931F9388
:103E7000CF93DF9300D000D000D0CDB7DEB78C0158
:103E8000942E89E0F801B296DE01119601900D9210
:103E90008A95E1F7F801A0A0B1A0F0E26F9FC00100
:103EA0001124B0E0A0E04D815E816F817885F5013D
:103EB000ED5DFD4FC080D180E280F380C422D52229
:103EC000E622F722C80ED91EEA1EFB1E840F951F9C
:103ED000A61FB71F8D839E83AF83B8873B968081D3
:103EE000875F04C0F694E794D794C7948A95D2F775
:103EF000C114D104E104F10489F149815A816B8133
:103F00007C818985882371F04F5F5F4F6F4F7F4FB2
:103F100049835A836B837C8321E0C21AD108E1086C
:103F2000F108E6CF9E012F5F3F4FC5010E943A1B6B
:103F3000813091F390E080E029960FB6F894DEBFCF
:103F40000FBECDBFDF91CF911F910F91FF90EF90EA
:103F5000DF90CF90BF90AF909F900895492DBE0104
:103F60006F5F7F4FF80180A191A10E94901BE4CF69
:103F7000CF92DF92FF920F931F93CF93DF936C0149
:103F80008B01FC0184A58823C9F182E0F82ED0E0E2
:103F9000C0E0F60183A58F1520F140E06F2DC6012A
:103FA0000E942F1F009751F1FC012081213C31F527
:103FB0003296D801AC0FBD1F809621913191211509
:103FC000310579F02196CF3FD105C0F42F37310567
:103FD00010F02FE330E02D93E817F90771F7F39411
:103FE000D8CFF801EC0FFD1F1082CE01DF91CF91E9
:103FF0001F910F91FF90DF90CF900895F8011082EC
:10400000D0E0C0E0F2CFFF920F931F93CF93DF93E6
:10401000FC0124A5211107C081E0DF91CF911F9100
:104020000F91FF900895EC0186A587FF8AC08F77D6
:1040300086A7F12C10E000E08BA58F1508F469C06D
:1040400040E06F2DCE010E942F1FFC01892B09F447
:1040500073C08081803C61F1813C69F0853809F052
:104060006BC08CA5877390E095838483A8A1B9A1C8
:104070008C9181608C93408190E080E000FB1795EB
:10408000079517F9DF01A80FB91F2C91020F111D19
:104090008130910521F423E030E0453811F021E032
:1040A00030E0820F931F8032910540F3F394C4CF28
:1040B00081819EA596FF2BC0826081837889698962
:1040C0005A894B893C892D899E898F8970876187A0
:1040D0005287438734872587968787878C8D9D8D68
:1040E000AE8DBF8D848B958BA68BB78B78856985BC
:1040F0005A854B853C852D859E858F85708F618F78
:10410000528F438F348F258F968F878FAFCF8D7FC0
:10411000D4CF41E0BE016E5D7F4F88A199A10E947E
:10412000901B009749F0FC011383028388A199A199
:104130000E94AD1D811170CF8DA581608DA780E09B
:104140006CCF80A191A10E94AD1D811165CF9DA56D
:1041500091609DA762CF0F931F93CF93DF93EC01E4
:1041600008A919A90115110579F0C8010E94A81A1A
:10417000F8011082128219AA18AA1BAA1AAADF91A2
:10418000CF911F910F9108950AA91BA981E00115F4
:10419000110589F3C8010E940320F80114A616A690
:1041A000EACF4F925F926F927F928F929F92AF92DF
:1041B000BF92CF92DF92EF920F931F93CF93DF9333
:1041C000CDB7DEB72C970FB6F894DEBF0FBECDBFCC
:1041D000DC019E962C9121FD17C080E02C960FB635
:1041E000F894DEBF0FBECDBFDF91CF911F910F912D
:1041F000EF90DF90CF90BF90AF909F908F907F9087
:104200006F905F904F900895FC01848C958CA68CE4
:10421000B78C81149104A104B10409F4C1C06C01EC
:10422000408C518C628C738C26FF7CC0208531853C
:10423000428553856485758586859785AFEF0E9495
:10424000028100A0F1A1E02DDF01A25DBD4F0C9124
:10425000075F0E94DE802D833E834F8358876987E6
:104260007A878B879C870D811E812F8138850F5F10
:104270001F4F2F4F3F4F4114510461047104D9F176
:10428000D301C2010196A11DB11D89839A83AB831D
:10429000BC83B1E08B1A9108A108B1088418950875
:1042A000A608B708080D191D2A1D3B1D011511058B
:1042B0002105310561F5F6017081618152814381EB
:1042C00034812581968187817087618752874387F2
:1042D0003487258796878787708B618B528B438BBA
:1042E000348B258B968B878B86A5806886A7C60125
:1042F0000E94032073CF89829A82AB82BC82D6014E
:104300005C961D921D921D921C925F97CFCF4981A2
:104310005A816B817C81E12CCF010E94DA1B8111D3
:10432000CACF5BCF411451046104710481F1198239
:104330001A821B821C829E012F5F3F4FB301A20194
:1043400080A191A10E943A1B87FD47CF882379F075
:10435000F601408D518D628D738D0FEF1FEF980127
:1043600080A191A10E94E51A882309F436CF4981E2
:104370005A816B817C81411551056105710509F4F4
:104380009ACFF60180A191A10E94961CC8CF898284
:104390009A82AB82BC82148E158E168E178EE7CF52
:1043A00081E01CCF982F803290F0877F823279F0A5
:1043B0009A3369F0892F8F7B8C3349F082EC890F17
:1043C000823028F081E09C3519F080E0089581E08A
:1043D0000895AF92BF92CF92DF92EF92FF920F9328
:1043E0001F93CF93DF93EC016A017B0159018F8109
:1043F0009885A985BA858C159D05AE05BF0590F4F5
:104400009501B701A60189819A810E948A15DF91E1
:10441000CF911F910F91FF90EF90DF90CF90BF90C1
:10442000AF900895400F511F611D711D84179507AE
:10443000A607B70728F7CE010E9432158111E0CFF9
:10444000E6CFA19881E08093040508958091EB0563
:10445000823058F42091D9053091DA052F7D3E7FC6
:104460003093DA052093D90514C01092DA05109222
:10447000D905883061F59091DF052FE531E0929FF5
:10448000F001939FF00D1124EE5BF84F9081911194
:1044900021C09091E305911123C09091DF059130E7
:1044A00049F42091D9053091DA0531603093DA056D
:1044B0002093D905883009F044C08091D9059091A6
:1044C000DA0584609093DA058093D90508958530E4
:1044D00091F2DFCF2091D9053091DA052068C0CF65
:1044E000923041F7069B09C02091D9053091DA0539
:1044F00028603093DA052093D905823038F3909103
:10450000DF05913059F4029909C02091D905309105
:10451000DA0531603093DA052093D9052FE531E0D3
:10452000929FF001939FF00D1124EC5BF84F908166
:10453000913009F0BFCF2091D9053091DA05206282
:10454000B5CF863019F68091D9059091DA0580644F
:10455000B9CFFC0184AD95AD009711F00C94A81A69
:1045600086AD97AD009711F00C940320089508953F
:1045700008958FEF9FEF089590E080E008950895EB
:1045800090E080E00895EF92FF920F931F93CF93F6
:10459000DF93EC018B01DB0112968D919C911397B7
:1045A0009B838A8314968D919D910D90BC91A02D33
:1045B0008C839D83AE83BF83FB0180859185A2851B
:1045C000B38588879987AA87BB877E01FCE0EF0EB9
:1045D000F11CCB010C96E816F906C1F0C7010E9448
:1045E000AB20D801DC968D919C91DD97892BB1F0A1
:1045F0001C861D861E86FDAEECAEDC96ED91FC9110
:1046000080E2D70101900D928A95E1F7CE01DF910A
:10461000CF911F910F91FF90EF900895F80186AD13
:1046200097AD892B99F318AE19AE1AAEFFAEEEAE68
:1046300006ACF7ADE02D8FE2E4CF80E00895DC0119
:104640001D968D919C91DC01ED91FC910190F08182
:10465000E02D1994DC011296ED91FC91828508956C
:10466000DC011296ED91FC91660F770B0384F485C3
:10467000E02DE60FF71F80819181089590E080E0A2
:104680000895FC011682089580E0089526EC32E03A
:10469000FC01318320830C960C94AB20CF93DF93E5
:1046A000EC018DE493E099838883CE01805F9E4F77
:1046B0000E94AB20CE018C5F9E4FDF91CF910C9476
:1046C0004623FC011382128288EE93E0A0E0B0E062
:1046D00084839583A683B78315AE14AE17AE16AE4A
:1046E00086EC92E0918380830895FC0180A991A9D2
:1046F000892B39F481E022A933A9232B19F480E016
:10470000089581E00895DC01D096ED91FC91D19758
:10471000309739F09081907D81E0911101C080E067
:104720000895D296ED91FC913097C9F394A59075B8
:10473000F3CFAF92BF92CF92DF92EF92FF920F939F
:104740001F93DC01D096ED91FC91D197309731F118
:10475000808140E050E0BA0183FF0CC0408D518D54
:10476000628D738D80899189A289B389481B590B09
:104770006A0B7B0B4115B0E85B076105710520F002
:104780004FEF5FE760E070E0CA011F910F91FF906B
:10479000EF90DF90CF90BF90AF900895D296ED91BB
:1047A000FC9180E090E0309781F384A583FF23C0E3
:1047B00020893189428953896489758986899789D5
:1047C000A080B180C280D380E480F580068117810B
:1047D0000E940E81F22FE32F2F3F3F4741055105E5
:1047E000610571058105910519F010F0FFEFEFE704
:1047F0008F2F9E2FCACF20E030E040E050E060E0F5
:1048000070E080E090E0E6CF0C960C94992340E0B5
:1048100050E0BA010C9498180F931F9300E010E039
:1048200020E030E040E050E060E070E00E94C01D19
:104830001F910F910895CF93DF93EC0188A999A957
:10484000009711F00E9407248AA99BA9009721F0E4
:10485000DF91CF910C940C24DF91CF910895CF92EA
:10486000DF92EF92FF920F931F93CF93DF93EC01B0
:104870008B01888199810E94E40E1D870C87FF249B
:10488000F394F986CE010E940912DC011696FC927F
:104890000115110549F1C880D980D0E0C0E0F601CA
:1048A00080819181C817D907FCF40280F381E02D43
:1048B000CE01880F991FE80FF91FE080F18070E0AA
:1048C00060E0C701F8011995892B71F4D70118969A
:1048D0008C9180FF02C02196E2CF61E070E0C701B9
:1048E000F80119950197B9F7DF91CF911F910F91B9
:1048F000FF90EF90DF90CF900895CF93DF93EC017E
:10490000EE85FF8581E086839F810280F381E02D23
:10491000828180FF3FC0992361F191509F832C8158
:104920003D81A90165E09602400D511D1124CA0187
:10493000DA014C9164E070E00E94180DCE010E94F3
:10494000091221E0FC012683CE010E9409129F87F3
:104950008E87DC011296ED91FC91828184FF03C069
:10496000CE010E947D2461E070E08FEFDF91CF9156
:1049700008958989882311F38C819D81FC014081F0
:1049800064E070E00E94180D6A857B85CE010E946C
:104990002F24D4CF2C813D81A90165E09602400DE2
:1049A000511D1124CA01DA014C9164E070E00E94AB
:1049B000180D8A819B81DC01ED91FC910684F785BD
:1049C000E02D60E01995BACFAF92BF92CF92DF92FF
:1049D000EF92FF920F931F93CF93DF93EC010E940E
:1049E0001812DC0114968D919C91892B09F4B1C0A9
:1049F000CE010E9418127C01DC01ED91FC91C08473
:104A0000D184CE010E9418122F8115E04C815D8166
:104A10002102400D511D11249C0161E070E0C7018D
:104A2000F6011995892B09F094C0CE010E94181245
:104A30007C01DC011296ED91FC91C280D38056017D
:104A4000B2E0AB22BB242F818C819D812102800D9D
:104A5000911D1124FC01408162E070E00E94180D5C
:104A6000009709F056C0C60183709927039709F093
:104A70005FC09F818E8198170CF044C0CE010E94C8
:104A8000091201E0DC0116960C93CE010E94181267
:104A90002F812F5F2F83EC81FD812102E00DF11D1D
:104AA0001124928381831082CE010E940912FC019D
:104AB0000683D701ED91FC91A084B184CE010E94C0
:104AC00018122F814C815D812102400D511D11244E
:104AD0009C0162E070E0C701F501199502E010E069
:104AE000FF86EE8681E0F7018683C0FC25C08A81BF
:104AF0009B81DC01ED91FC910684F785E02D61E05E
:104B000019951AC06EEA72E4CE010E942F2400E0CB
:104B1000E6CF019769F4CE010E941812DC011296CB
:104B2000ED91FC91828180FD03C0CE010E947D2425
:104B300002E010E0AB28A1F6B8018FEFDF91CF9132
:104B40001F910F91FF90EF90DF90CF90BF90AF90AB
:104B5000089560E070E0F1CFDF92EF92FF920F9343
:104B60001F93CF93DF93EB01790108812330310547
:104B700009F472C080F42130310509F4ABC0223051
:104B8000310509F4B2C0DF91CF911F910F91FF90D1
:104B9000EF90DF9008952430310509F479C0C90100
:104BA0000797029780F7142F47FDEDCF89819A81EF
:104BB0000E94110D18173CF789819A81DC01129629
:104BC000ED91FC911397228133812C703327232B95
:104BD00009F496C021E016962C9349815A81DA0196
:104BE0001296ED91FC91868187FF07C00190F081BC
:104BF000E02DBE0180E890E01995402F60E270E062
:104C0000CE010E94180D1883B7E0EB1AF108E2E01C
:104C1000EE16F10420F48B819C810E94E424412F44
:104C200060E170E0CE010E94180D49815A81DA01DD
:104C30001296ED91FC91868186FFA5CF0190F081BF
:104C4000E02DBE0180E490E0DF91CF911F910F91A4
:104C5000FF90EF90DF90199489819A810E94110D45
:104C6000882309F490CF11E0100F89819A810E9466
:104C7000110D181754F089819A81DC011296ED917B
:104C8000FC91208520FF21C010E0011395CF7BCF40
:104C900089819A81011107C0DC011296ED91FC9186
:104CA000228124FD17C00E94110D882309F46BCFC7
:104CB0001FEF100F17FFE9CF89819A81DC0112964F
:104CC000ED91FC91208520FFDFCF0E94110D1FEF99
:104CD000180FDBCF8B819C81DF91CF911F910F91BA
:104CE000FF90EF90DF900C947D248B819C81DF916D
:104CF000CF911F910F91FF90EF90DF900C94E424DF
:104D0000602F0E940A0DDD24D394FC01D682612F0E
:104D100089819A810E940A0DDC011696DC925DCF92
:104D20009F92AF92BF92CF92DF92EF92FF920F933A
:104D30001F93CF93DF939B01482F6B01C091630AB0
:104D4000D091640A209709F443C0215031092230E0
:104D5000310508F0D2C0E090570AF090580A10E0F0
:104D600000E0D7018D919C911197081719079CF4C9
:104D70001296ED91FC91C801880F991FE80FF91F59
:104D800062E070E080819181FE011995019719F030
:104D90000F5F1F4FE6CF1092640A1092630A87E5F7
:104DA0009AE00E94091221E0DC0116962C93809172
:104DB000570A9091580ADF91CF911F910F91FF9060
:104DC000EF90DF90CF90BF90AF909F900C94E40E47
:104DD00080915E0AC0915B0AD0915C0AB5E08B02BB
:104DE000C00DD11D1124CB010997029708F06EC0A8
:104DF000E090570AF090580A10E000E0F701808137
:104E00009181081719070CF078C00280F381E02D1A
:104E1000C801880F991FE80FF91FA081B181EB81AC
:104E2000FC8187811696ED91FC911797082E000C56
:104E3000990B9C01220F331F220F331F0190F08129
:104E4000E02DE20FF31FA38014962D913C91820F69
:104E5000931FDC01BC9099249A949B0C89819A81C0
:104E6000DC01ED91FC910190F081E02D1995BAE003
:104E7000CB16D104C1F0992099F02881422F022E3F
:104E8000000C550BBA94BA94082E000C990B8B0D9C
:104E9000911DB7FC9A958417950714F42150288327
:104EA0000F5F1F4FABCF2A2DAA0C330B290D311DDD
:104EB00097FC3A95082E000C990B2817390784F7B0
:104EC00088818B156CF78F5F8883EACF8091650AA4
:104ED0009091660ADC01ED91FC910684F785E02D46
:104EE000BE01DF91CF911F910F91FF90EF90DF9066
:104EF000CF90BF90AF909F901994DF91CF911F9169
:104F00000F91FF90EF90DF90CF90BF90AF909F9068
:104F10000895CF93DF93EC0160E08E810E943B0CFB
:104F200061E08E810E943B0C60E08E810E943B0C10
:104F30008BE891E00197F1F7DF91CF910895CF923F
:104F4000DF92EF92FF920F931F93CF93DF936C0149
:104F50007C0187E0E80EF11CD0E0C0E0062F10E0F5
:104F6000B8010C2E02C0759567950A94E2F761703E
:104F7000F70181917F010E943B0C2196C430D1053D
:104F800079F7C601DF91CF911F910F91FF90EF90BC
:104F9000DF90CF900C948927CF92DF92EF92FF920F
:104FA0000F931F93CF93DF93EC01F62E642F8C8128
:104FB0000E943B0C8D818F3F19F060E00E943B0CFA
:104FC0000F2D10E08F8584FF25C06E0187E0C80E8D
:104FD000D11CF12CE12CB8010E2C02C075956795FF
:104FE0000A94E2F76170F60181916F010E943B0C17
:104FF000FFEFEF1AFF0A88E0E816F10461F7CE012F
:10500000DF91CF911F910F91FF90EF90DF90CF90A4
:105010000C948927B80184E0759567958A95E1F726
:10502000CE010E949F276F2DCE01DF91CF911F915E
:105030000F91FF90EF90DF90CF900C949F2741E06D
:105040000E94CC2781E090E0089540E00C94CC27AA
:10505000CF93DF93823029F490911C0F9860909346
:105060001C0F8093200F1092210F80E48093220F59
:1050700080E18093230F80E58093240F61E080918D
:10508000110F0E94690C8091120F8F3F19F061E09F
:105090000E94690C61E08091130F0E94690CCDE0C1
:1050A000DFE09E012D503F4080911C0F84FD0BC01E
:1050B00084E090E021962817390744F461E08E815E
:1050C0000E94690CEECF88E090E0F4CF8BE39DE086
:1050D0000197F1F760E08091110F0E943B0C60E0B6
:1050E0008091130F0E943B0C8091120F8F3F19F09B
:1050F00060E00E943B0C60911C0F64FD41C063E0C6
:105100008DE09FE00E949F27CBE4D6E4CE0101977B
:10511000F1F763E08DE09FE00E949F272197F1F770
:1051200063E08DE09FE00E949F2783E592E0019776
:10513000F1F762E08DE09FE00E949F2760911C0FD5
:1051400060628DE09FE00E94252884E080931D0F1F
:105150006CE08DE09FE00E94252861E08DE09FE0FB
:105160000E9425288BE39FE10197F1F782E080936D
:105170001E0F66E08DE09FE0DF91CF910C94252813
:1051800060628DE09FE00E9425288BE496E4019701
:10519000F1F760911C0F60628DE09FE00E9425286E
:1051A00083E592E00197F1F760911C0F60628DE05A
:1051B0009FE00E942528C2CF443008F043E0FC0164
:1051C0002389421710F04FEF420FFC01E40FF11D4D
:1051D0002489620F60680C942528DC011696ED91F5
:1051E000FC91B4E02B02900111240190F081E02D9C
:1051F000E20FF31F20813181430F620FFC0185858F
:1052000096850C94DC28EF92FF920F931F93CF9317
:10521000DF93EC01142FF22E8D859E85FC016089B1
:105220006E7F608B68600E9425288D859E85FC01BD
:1052300060896D7F608B68600E942528002391F053
:105240004F2D612F8D859E850E94DC288D859E8542
:10525000FC016089262FEE2069F02260208B6A60B5
:105260000E94252880E0DF91CF911F910F91FF9040
:10527000EF9008952160208B6960F2CFCF93DF9388
:10528000EC0161E08D859E850E9425288BE39FE1DE
:105290000197F1F7AE81BF8190E080E014962C91E8
:1052A0001497022E000C330B821793076CF49C01A9
:1052B000220F331F1296ED91FC911397E20FF31F0B
:1052C000118210820196EACFDF91CF9108950F935A
:1052D0001F93CF93DF93CDB7DEB7C055D1090FB67B
:1052E000F894DEBF0FBECDBF9E01245A3F4F6C968F
:1052F0004EAD5FAD6C9760E570E0CE0101960E9407
:10530000E8828E010F5F1F4FF80181918F01882382
:1053100079F08A3029F46DE08DE09FE00E941F282B
:10532000F801319760818DE09FE00E941F28ECCF4B
:10533000C05BDF4F0FB6F894DEBF0FBECDBFDF916D
:10534000CF911F910F9108952F923F924F925F92AC
:105350007F928F929F92AF92BF92CF92DF92EF9205
:10536000FF920F931F93CF93DF93EC014B017A01D0
:105370008A8180FFD5C0888183FF16C0888D998D72
:10538000AA8DBB8D488959896A897B89841B950BB5
:10539000A60BB70BA70170E060E0481759076A0732
:1053A0007B07A0F07C0112C086FF10C0EE81FF8158
:1053B0008681978155E0880F991F5A95E1F72889D2
:1053C0003989821B930B8E159F0560F36701712C41
:1053D0001E018CE0280E311C412C42E0542EC114D9
:1053E000D10409F4F3C0488959896A897B89EE811F
:1053F000FF818A0111702881DB01CA0139E0B6956D
:10540000A795979587953A95D1F726FF30C0448D9B
:10541000558D668D778D480F591F6A1F7B1FEE8152
:10542000FF810115110509F081C0C11482E0D80681
:1054300008F47CC087A190A5A1A5B2A5481759077B
:105440006A077B0709F472C0C11484E0D80608F02B
:1054500094C001E010E0940181A192A10E948A15FC
:10546000882309F45DC0A12C82E0B82E75C073803A
:1054700078220115110581F471100EC0452B462BC1
:10548000472B81F527FF29C0848D958DA68DB78D7B
:105490008C879D87AE87BF87EE81FF814C855D85B8
:1054A0006E857F854250510961097109848104C06C
:1054B000440F551F661F771F8A95D2F780899189FF
:1054C000A289B389840F951FA61FB71FAC01BD0128
:1054D000470D511D611D711DA2CF8C8D9D8DAE8D0F
:1054E000BF8DD6CF4C855D856E857F8523FF0CC033
:1054F0008A8186FF09C04F5F5F4F6F4F7F4F4C8798
:105500005D876E877F87C8CF9101CF010E94BC174E
:1055100087FD06C08111C0CF8881807D09F056C00B
:105520008981826089838FEF9FEF53C0C201801B06
:10553000910B56018C159D0508F45C0120E0CF010C
:1055400080960E940216009759F3BC01600F711FEC
:10555000A501C4010E9438828A0C9B1C8889998904
:10556000AA89BB898A0D9B1DA11DB11D888B998BB2
:10557000AA8BBB8BCA18DB0832CF8601012F1127FB
:10558000069530E020E0888186FD0EC08281871973
:10559000990B092E000CAA0BBB0B80179107A207D1
:1055A000B30710F48C019D01D901C80129E0880FCF
:1055B000991FAA1FBB1F2A95D1F75C019401CF0147
:1055C00080960E94E9218111C7CFAACFC7018C190B
:1055D0009D09DF91CF911F910F91FF90EF90DF9088
:1055E000CF90BF90AF909F908F907F905F904F90A3
:1055F0003F902F900895EF92FF920F931F93CF93B8
:10560000DF931F92CDB7DEB77C01962FF70140895B
:105610005189628973898A019B0185E036952795B6
:10562000179507958A95D1F70F7011F091112BC03E
:1056300041E050E0BE016F5F7F4FC7010E94A42987
:10564000813051F090E080E00F90DF91CF911F9179
:105650000F91FF90EF900895F70180899189A289B9
:10566000B3894F96A11DB11D808B918BA28BB38BFB
:10567000F701868197818B96F0E20F9F90011124AC
:10568000820F931FE1CF405E5F4F6F4F7F4F408B84
:10569000518B628B738BECCFCF93DF93EC01AB011B
:1056A00070E060E085E0440F551F661F771F8A9504
:1056B000D1F7CE010E949818882331F060E0CE0126
:1056C000DF91CF910C94FB2A90E080E0DF91CF91A5
:1056D00008952F923F924F925F926F927F928F9296
:1056E0009F92AF92BF92CF92DF92EF92FF920F9371
:1056F0001F93CF93DF93CDB7DEB72E970FB6F894F5
:10570000DEBF0FBECDBF9E878D877A8769875C8796
:105710004B87DC019E968C919E9780FF45C186FD4C
:1057200004C09C968C9183FF4FC0ED85FE85F0816F
:10573000F983AD85BE851196BC91BA83ED85FE8552
:10574000F281FB83AD85BE851396BC91BC83ED854C
:10575000FE85F481FD83AD85BE851596BC91BE8323
:10576000ED85FE85F681FF83AD85BE851796BC91DC
:10577000B887ED85FE852088318842885388648803
:105780007588868897882B853C8540E050E060E0EE
:1057900070E080E090E0A980BA80CB80DC80ED8072
:1057A000FE800F8118850E94F9805101620173010A
:1057B00084010E94178141F038F0C101A981BA81AA
:1057C0008A1B9B0B9C878B878B849C842D843E84B7
:1057D000B8E12B0E311C8114910409F46FC1ED85E1
:1057E000FE85F081F983AD85BE851196BC91BA83A3
:1057F000ED85FE85F281FB83AD85BE851396BC9158
:10580000BC83ED85FE85F481FD83AD85BE8515964F
:10581000BC91BE83ED85FE85F681FF83AD85BE8597
:105820001796BC91B887AD85BE859096ED91FC9199
:10583000DF01AD5DBD4FCD90DD90ED90FC90898195
:105840009A81AB81BC81C822D922EA22FB2226019F
:1058500091E05922C114D104E104F104F9F4298141
:105860003A814B815C816D817E818F819885A0E03A
:105870000E94208109F072C0AD85BE859C968C91F6
:1058800086FF65C0E15EFD4F80819181A281B38179
:10589000ED85FE85808F918FA28FB38FED85FE857C
:1058A00080A191A1FC01E25DFD4FA08149E0F69449
:1058B000E794D794C7944A95D1F7ED85FE85408D3E
:1058C000518D628D738D42505109610971090A2E03
:1058D00004C0440F551F661F771F0A94D2F74C0D62
:1058E0005D1D6E1D7F1DFC01E95EFD4F0081118174
:1058F00022813381400F511F621F731F41145104D5
:1059000009F05AC08114F2E09F0608F455C0FC016A
:10591000078110852185328540175107620773077B
:1059200009F44AC08114F4E09F0608F09AC001E02F
:1059300010E029853A85DC0111968D919C910E9499
:105940008A15882389F1612C82E0782E4BC0ED8581
:10595000FE85848D958DA68DB78D9ACFAD85BE853C
:1059600058964D915D916D917C915B979E968C912F
:105970009E9786FF0AC04F5F5F4F6F4F7F4FFD01BD
:10598000408F518F628F738F89CF9101CF010E9419
:105990003A1B87FD09C0811181CFAD85BE859C96DC
:1059A0008C91807509F08AC0ED85FE8585A58260A1
:1059B00085A78FEF9FEF86C020E032E024193509DC
:1059C00034012815390508F4390120E00E94021637
:1059D000009751F3BC01640D751DA30189859A855B
:1059E0000E943882E985FA85E60DF71DFA87E98776
:1059F000930140E050E060E070E080E090E0AD8531
:105A0000BE85AC901196BC9011971296CC901297CF
:105A10001396DC9013971496EC9014971596FC90BF
:105A2000159716960C91169717961C9117970E942A
:105A3000F9802C9311963C93119712964C931297E0
:105A400013965C93139714966C93149715967C9306
:105A5000159716968C93169717969C938618970809
:105A6000BACE2401452C55244694712C612C01E0BA
:105A700010E020E030E004C0000F111F221F331F90
:105A8000AA95D2F70C191D092E093F094016510697
:105A90006206730610F4930182016801790129E01E
:105AA000CC0CDD1CEE1CFF1C2A95D1F73601298594
:105AB0003A850E94E921811195CF76CF8B859C850F
:105AC000881999092E960FB6F894DEBF0FBECDBF88
:105AD000DF91CF911F910F91FF90EF90DF90CF90CA
:105AE000BF90AF909F908F907F906F905F904F90FE
:105AF0003F902F9008954F925F926F927F928F9276
:105B00009F92AF92BF92CF92DF92EF92FF920F934C
:105B10001F93CF93DF931F92CDB7DEB7FC0104AD87
:105B200015AD0115110599F1F80180889188A288B9
:105B3000B388C484D584E684F78441E050E0BE0194
:105B40006F5F7F4FC8010E94A4290197E9F4898102
:105B500090E0F801808A918AA28AB38AC486D586A9
:105B6000E686F7860F90DF91CF911F910F91FF90FE
:105B7000EF90DF90CF90BF90AF909F908F907F90ED
:105B80006F905F904F9008958FEF9FEFE2CF06AD3B
:105B900017AD8FEF9FEF0115110521F3F80140803C
:105BA00051806280738084809580A680B780C08C8D
:105BB000D18CE28CF38C41E050E0BE016F5F7F4FEF
:105BC000C8010E94692B019781F4898190E0F80156
:105BD000408251826282738284829582A682B782D9
:105BE000C08ED18EE28EF38EBDCF8FEF9FEFEFCFC1
:105BF000FC0180A991A9009711F00C94A42982A915
:105C000093A9009711F00C94692B8FEF9FEF0895E3
:105C1000CF93DF931F92CDB7DEB741E050E0BE01D6
:105C20006F5F7F4F0C960E94F82D019731F48981A8
:105C300090E00F90DF91CF9108958FEF9FEFF9CF14
:105C40002F923F924F925F926F927F928F929F928C
:105C5000AF92BF92CF92DF92EF92FF920F931F937A
:105C6000CF93DF93CDB7DEB762970FB6F894DEBF60
:105C70000FBECDBF7A8769875E874D87DC01D096DE
:105C80000D90BC91A02DB88BAF87109709F483C1FC
:105C900012968C9181FFBCC083FDADC0ED85FE8561
:105CA000AF0170E060E0EF85F88980899189A28971
:105CB000B38980959095A095B09584179507A60710
:105CC000B70708F4A5C0CD84DE8444244A94542C3C
:105CD00032013C96FC87EB87EF85F88980889188B4
:105CE000A288B388C114D10409F428C12680378062
:105CF000D1011396FC90B501A40199E076956795C2
:105D0000579547959A95D1F7F42284011170F110B7
:105D100023C044855585668577850115110509F0F1
:105D2000D9C3411551056105710509F4A9C0228146
:105D300026FF76C0808D918DA28DB38D8816990631
:105D4000AA06BB0608F06CC04F5F5F4F6F4F7F4FD6
:105D50004487558766877787AF85B8891696ED9112
:105D6000FC9117971C964D915D916D917C911F97B9
:105D70004250510961097109848104C0440F551FC3
:105D8000661F771F8A95D2F780899189A289B38986
:105D9000840F951FA61FB71FAC01BD014F0D511DEC
:105DA000611D711D0115110509F0A9C3C114B2E0EF
:105DB000DB0608F4A4C387A090A4A1A4B2A421A0E8
:105DC00032A0C11424E0D20608F07EC0481559055F
:105DD0006A057B0529F410A247A250A661A672A607
:105DE00029853A85C1010E94DF14882389F0E12CBE
:105DF00052E0F52EC8C3AF85B88958964D915D9194
:105E00006D917C915B97CD010E949818811146CFCE
:105E1000EF85F8898181816081831E861D86A0C0FF
:105E20002B853C85C1010E94BC1787FDF1CF8111F4
:105E300006C08F8598890E94E319882349F3AF85AE
:105E4000B8891696ED91FC9117971C964D915D912E
:105E50006D917C911F9742505109610971098481AC
:105E600004C0440F551F661F771F8A95D2F780899B
:105E70009189A289B389480F591F6A1F7B1F96CF4A
:105E8000EF85F889848D958DA68DB78D0097A10536
:105E9000B10589F4CF010E94E319882309F4B8CF32
:105EA000EF85F88984859585A685B785848F958F3C
:105EB000A68FB78F51CFEF85F88984879587A687FE
:105EC000B7874ACF21E042C38601012F11270695EB
:105ED00030E020E082818F19990B092E000CAA0B6B
:105EE000BB0B081719072A073B0710F4D901C80193
:105EF0008C019D010F2EF9E0000F111F221F331F8F
:105F0000FA95D1F7F02D78018C0184169506A60636
:105F1000B70670F0840F951FA61FB71F8816990645
:105F2000AA06BB0628F410A247A250A661A672A634
:105F300029853A85C1010E94601422C3EF85F88942
:105F4000808D918DA28DB38D88159905AA05BB050D
:105F500038F4808E918EA28EB38E82818068828387
:105F60008D859E8562960FB6F894DEBF0FBECDBFBD
:105F7000DF91CF911F910F91FF90EF90DF90CF9025
:105F8000BF90AF909F908F907F906F905F904F9059
:105F90003F902F900895DC01D2960D90BC91A02DDA
:105FA000BA8BA98B109709F438CF9E968C9181FFFC
:105FB0000CC183FDEBC0ED85FE85FC87EB8729894D
:105FC0003A89285E3F4F388B2F87E989FA892080EC
:105FD00031804280538064807580868097802B85D5
:105FE0003C85232B09F435C200A0F1A1E02DDF018F
:105FF000AD5DBD4FCD90DD90ED90FC90C220D320E3
:10600000E420F520160131E03322C114D104E1046B
:10601000F10409F056C0A989BA8958968D909D90CF
:10602000AD90BC905B9781149104A104B10409F474
:10603000F0C09E968C919E9786FFDBC05C964D903B
:106040005D906D907C905F9718962C91189719969B
:106050003C9119971A964C911A971B965C911B9735
:106060001C966C911C971D967C911D971E968C9189
:106070001E971F969C91AFEF0E940281E25DFD4F3B
:106080000081075F0E94DE8029833A834B835C8313
:106090006D837E838F83988729813A814B815C81D0
:1060A000420E531E641E751E84149504A604B70484
:1060B00008F491C089899A890E94051D882309F4F2
:1060C00084C0A989BA899096ED91FC91DF01A25D07
:1060D000BD4F2C9129834601570149E0B694A794FE
:1060E000979487944A95D1F7A989BA8958964D9083
:1060F0005D906D907C905B97B2E04B1A51086108FF
:10610000710804C0440C551C661C771C2A95D2F7F4
:10611000480C591C6A1C7B1CDF01A95EBD4F8D9188
:106120009D910D90BC91A02D480E591E6A1E7B1E9C
:106130002114310409F08EC02B853C85211542E0E5
:10614000340708F487C0C780D084E184F284818159
:1061500092812115344008F033C14C145D046E0463
:106160007F0441F410824FEF5FEFBA0147835087FD
:106170006187728729853A85B301A2010E94DF14E5
:10618000882319F1812C82E0982EC4C0A989BA898C
:1061900050960C91509751961C91519752962C9174
:1061A000529753963C91539754964C9154975596C9
:1061B0005C91559756966C91569757967C91579748
:1061C000CD010E94C01D8111F6CEE989FA8985A50D
:1061D000816085A722CE3FEF831A930AA30AB30AF0
:1061E000A989BA8958968D929D92AD92BC925B977F
:1061F00068CF2F853889B501A401CF010E943A1BD1
:10620000082E000C990B97FDE0CF892B09F452CF93
:1062100058CFE989FA89848D958DA68DB78D009721
:10622000A105B10581F4CF010E94051D882369F203
:10623000E989FA89808D918DA28DB38D848F958F98
:10624000A68FB78F3ECFE989FA89808F918FA28F71
:10625000B38F37CF80E092E0821993098B849C84BE
:106260008815990508F44C012114310409F0A6C0E1
:10627000A989BA892C9111963C91119712964C914B
:10628000129713965C91139714966C911497159628
:106290007C9115975096AC9050975196BC90519721
:1062A0005296CC9052975396DC9053975496EC901C
:1062B00054975596FC90559756960C91569757962D
:1062C0001C91579716968C91169717969C910E9441
:1062D000178108F473C025E0B301A201CF010E9429
:1062E0000216009709F471CFA40169857A85820DA1
:1062F000931D0E943882280C391C2114B2E03B0601
:1063000049F4E989FA8980A191A10E943215882374
:1063100009F45BCF940140E050E060E070E080E081
:1063200090E0A989BA89AC901196BC901197129609
:10633000CC9012971396DC9013971496EC901497C8
:106340001596FC90159716960C91169717961C911A
:106350000E94F98029013A01382EE989FA892083BF
:1063600051824283738264837583868397832985F0
:106370003A85280D391D3A8729874B855C85481950
:1063800059095C874B87A088B188C288D388E48884
:10639000F588068917899201A3010E94178109F0E7
:1063A00008F413CE86A5806886A7408A518A628A3F
:1063B000738A648B758B368A978B07CE21E08CCFDE
:1063C0000B851C85012F1127069530E020E041E068
:1063D00050E060E070E0098004C0440F551F661F64
:1063E000771F0A94D2F749835A836B837C834819B9
:1063F00059096A097B09041715072607370710F49E
:10640000B901A8014A015B0129E0880C991CAA1C6A
:10641000BB1C2A95D1F78A01C414D504E604F704FD
:1064200088F0440D551D661D771DC416D506E60679
:10643000F70640F410822FEF3FEFA9012783308742
:106440004187528729853A85B301A2010E946014D1
:106450005ECFA989BA8918962C91189719963C9104
:1064600019971A964C911A971B965C911B971C963C
:106470006C911C971D967C911D971E968C911E9772
:106480001F969C911F9751016201730184010E9424
:10649000178108F065CD18962C92189719963C92A2
:1064A00019971A964C921A971B965C921B971C96FA
:1064B0006C921C971D967C921D971E968C921E972F
:1064C0001F969C921F979E968C919E9780689E9691
:1064D0008C9346CDF10142505109610971098481C3
:1064E00004C0440F551F661F771F8A95D2F7808915
:1064F0009189A289B389480F591F6A1F7B1F80E0C9
:1065000092E0801B910B76018C159D0508F47C01AF
:106510000115110509F0D6CCAF85B88950968D903C
:106520009D90AD90BC90539758968D919D910D90F4
:10653000BC91A02D88169906AA06BB0630F4AF853B
:10654000B88912968C9185FFBDCC25E0CF0180964D
:106550000E940216009709F45BCCA70169857A8531
:10656000800F911F0E9438820E0D1F1D01151240D1
:1065700051F4EF85F8898681978180960E943215C3
:10658000882309F445CCEF85F88980899189A2890F
:10659000B3898E0D9F1DA11DB11D808B918BA28B88
:1065A000B38B29853A852E0D3F1D3A872987CE1852
:1065B000DF0892CB0C960C94202ECF93DF931F9282
:1065C000CDB7DEB7698341E050E0BE016F5F7F4F1A
:1065D0000C960E94202E0F90DF91CF910895FC0120
:1065E000808181110EC080E2DF011D928A95E9F75A
:1065F00077836683DB0115968C91803121F08032A0
:1066000039F080E0089580E4808381E082830895FA
:1066100080E8FACFCF93DF93FC01DB0118964D9110
:106620005D916D917C911B97452B462B472B39F43F
:1066300016966D917C91DF91CF910C94EF3280E2B0
:10664000EF0119928A95E9F780E1808381E08283E6
:1066500016968D919C9117979783868318968D91A6
:106660009D910D90BC91A02D848F958FA68FB78F93
:1066700081E0DF91CF9108955F926F927F928F9228
:106680009F92AF92BF92CF92DF92EF92FF920F93C1
:106690001F93CF93DF93CDB7DEB7A0970FB6F894D3
:1066A000DEBF0FBECDBF6C017B0119821A821B8237
:1066B000FC018081882309F468C0838181111DC099
:1066C0004FEF50E0C6010E9485198C01C801A096C9
:1066D0000FB6F894DEBF0FBECDBFDF91CF911F91F3
:1066E0000F91FF90EF90DF90CF90BF90AF909F9071
:1066F0008F907F906F905F900895B601CE010196C4
:106700000E940A33882309F440C066246394712CE4
:1067100010E000E0F6018381861590F164817581B7
:1067200066197709CE0101960E944C2B5C010097F7
:1067300061F1FC0183858F3041F580818F71681292
:1067400024C04701800E911E512C652DC5010E9469
:106750004C0A0097A9F00F5F1F4F0F3F1105A8F4D7
:106760008F37910510F08FE390E0F40181934F0192
:106770005394FDE05F12E9CF8FEF681A780ACACF11
:10678000F701E00FF11F1082A1CFF701108210E096
:1067900000E09CCFCF92DF92EF92FF920F93CF93C6
:1067A000DF93EC0180E2FE0111928A95E9F7FB018B
:1067B000A681B781BF83AE835D834C83C48CD58CA7
:1067C000E68CF78CC886D986EA86FB86FD01BB96E7
:1067D0004F70552765E0440F551F6A95E1F7E40FA8
:1067E000F51F838583FD11C0877388839385987116
:1067F00011F4886088830B83822F8370813009F4C1
:1068000045C038F0823009F43FC018821A8280E017
:1068100033C081E08A838A8181FF06C08881982FF6
:10682000917199F78062888397968D919D910D90D3
:10683000BC91A02D8C8B9D8BAE8BBF8B8489958951
:10684000B0E0A0E0DC0199278827428D538D70E0ED
:1068500060E0842B952BA62BB72B8C8F9D8FAE8F52
:10686000BF8F448D558D668D778D488F598F6A8F78
:106870007B8F22FD0DC081E0DF91CF910F91FF90C2
:10688000EF90DF90CF90089583E0C4CF82E0C2CF35
:10689000CE010E949818882309F4B7CFECCF8F92CD
:1068A0009F92AF92BF92EF92FF920F931F93CF935D
:1068B000DF937C01EB0100E010E088889988AA88CA
:1068C000BB8860E0CE010E94FB2A0097A1F1FC0189
:1068D0002081222381F12E3221F1253E11F13385D1
:1068E00033FD21C0002321F00E948A18811323C0A8
:1068F000B501A40185E076956795579547958A95EA
:10690000D1F720E0BE01C7010E94CA33DF91CF91C9
:106910001F910F91FF90EF90BF90AF909F908F903D
:10692000089500E0CACF3F30E1F726FFC6CF022F1F
:106930000F711585C2CF80E0E9CF2F923F924F9221
:106940005F926F927F928F929F92AF92BF92CF92FF
:10695000DF92EF92FF920F931F93CF93DF93CDB708
:10696000DEB7E5970FB6F894DEBF0FBECDBF3C0192
:106970004B011A01122FDC019C968C9181110DC0E4
:10698000FB0184A5807549F0822F8370813009F462
:1069900033C140F0823009F42CC1F30114A616A6CD
:1069A000F12CCBC1F1E0FDA363E0462E21143104AC
:1069B00079F0D10116968D919C910E966FE070E062
:1069C0000E942B8072E0472E460EC4010E940C24C8
:1069D000F12C512C6E01B1E2CB0ED11C0DA1006443
:1069E0005FE2E52E40E250E0BE016F5F7F4FC401E1
:1069F0000E94692B009741F1809779F6898187FD84
:106A0000FEC0511018C0D4012D913D914D915C9163
:106A1000139720523109410951092AA73BA74CA7D6
:106A20005DA758962D913D914D915C915B972EA35A
:106A30003FA348A759A7541408F453948111B2C135
:106A40002114310409F4A9CF14FFA7CF8DA18270BE
:106A500009F4A3CF2114310409F49FCF541408F092
:106A60009CC240E250E0BE016F5F7F4FC4010E94B4
:106A7000692B009709F073C2D40158962D913D916E
:106A80004D915C915B972EA73FA748AB59AB9C9665
:106A90008C919C9786FFE4C190960D911C91F80112
:106AA000E15EFD4F80819181A281B38189A39AA388
:106AB000ABA3BCA3C12CD12C760149A15AA16BA1D7
:106AC0007CA19E012F5D3F4FC8010E943A1B87FDAC
:106AD000C3C1BFEFCB1ADB0AEB0AFB0A8111EDCF72
:106AE000F801E25DFD4F8081875F04C0CC0CDD1CA6
:106AF000EE1CFF1C8A95D2F7D4019096ED91FC9183
:106B0000E95DFD4F80819181A281B3818C0D9D1D36
:106B1000AE1DBF1D0097A105B44008F03ECFC401D3
:106B20000E94051D882309F438CFD40190968D91D9
:106B30009C9191975896CD90DD90ED90FC905B974D
:106B4000B2E0CB1AD108E108F108FC01E25DFD4F8B
:106B5000208104C0CC0CDD1CEE1CFF1C2A95D2F752
:106B6000895E9D4FFC0180819181A281B381A70143
:106B70009601280F391F4A1F5B1F2AAB3BAB4CAB5A
:106B80005DABC12CD12C7601D40190968D919C9156
:106B90009197FC01E25DFD4F208141E050E060E013
:106BA00070E004C0440F551F661F771F2A95D2F767
:106BB000C416D506E606F70608F058C125E04AA92E
:106BC0005BA96CA97DA94C0D5D1D6E1D7F1D0E94EA
:106BD0000216009709F4E1CEFC0120E032E01192A8
:106BE00021503040E1F73FEFC31AD30AE30AF30A1A
:106BF000CBCF23E02DA3D8CE32E03DA3D5CEF110EC
:106C000044C0541408F4512C853809F0EBCEF3013C
:106C10002E2D11922A95E9F78A81D3019B968C93A8
:106C20009B979D81892F877394FF2BC09C968C9393
:106C3000D40190968D919C919197F30191A380A39B
:106C400058968D919D910D90BC91A02D82A393A3F8
:106C5000A4A3B5A3F40180819181A281B38180971F
:106C6000A109B109F30186A397A3A0A7B1A7D401F5
:106C70009E968C9186FB882780F982A7FF24F39447
:106C8000B1CE8860F30184A7D3CF803C09F08CC0DB
:106C90002DA1F30126A78A8181FD06A78985D3014D
:106CA00050968C9350978A8551968C9351978B85EB
:106CB00052968C9352978C8553968C9353978D85CF
:106CC00054968C9354978E8555968C9355978F85B3
:106CD00056968C935697888957968C938D899E8962
:106CE000AF89B88DF301848F958FA68FB78F898D6B
:106CF00080878A8D81878B8D82878C8D83878D8D10
:106D000084878E8D85878F8D868788A187872114BC
:106D1000310469F5812F847221F4F30186A581FF86
:106D200006C0D3019C968C91817109F036CE12FD7C
:106D300071C0F30186A581FD8BC08F2DE5960FB63E
:106D4000F894DEBF0FBECDBFDF91CF911F910F91A1
:106D5000FF90EF90DF90CF90BF90AF909F908F907B
:106D60007F906F905F904F903F902F900895D1014A
:106D70008D919C91119713969C938E9312972C81D1
:106D800016968D919C9117972817190659F4FF2490
:106D9000F39418962D913C918D819E812817390787
:106DA00009F420CEF12C1ECE813CE1F7F1012481C3
:106DB0003581BE016D5F7F4FDB018D919D91BD01DE
:106DC000F101A281B381A217B30759F4892B51F7BE
:106DD000D10112968D919C918217930709F002CEF2
:106DE00099CFAD014F5F5F4F538342834C918F37F3
:106DF0009105C0F65FE9540F5A3108F440525FE93B
:106E0000580F5A3108F480528413CCCF6C157D058D
:106E100099F6DECFD30150960C91509751961C9164
:106E2000519752962C91529753963C915397549662
:106E30004C91549755965C91559756966C915697F0
:106E400057967C91C3010E94C01D811172CFA5CDC0
:106E500084A5806284A771CFC12CD12C760140CE4D
:106E6000F401C084D184E284F38446CE9C962C91B4
:106E70009C9726FD62C09E962C919E9720689E96B8
:106E80002C93FC01E95DFD4F80819181A281B3814A
:106E90009C01AD0160E070E080E090E0D4011896C4
:106EA000AC9018971996BC9019971A96CC901A978F
:106EB0001B96DC901B971C96EC901C971D96FC90E3
:106EC0001D971E960C911E971F961C911F970E944E
:106ED000F98018962C93189719963C9319971A963F
:106EE0004C931A971B965C931B971C966C931C975C
:106EF0001D967C931D971E968C931E971F969C93B0
:106F000080819181A281B3819C01AD0160E070E03C
:106F100080E090E0F401A088B188C288D388E4883A
:106F2000F588068917890E94F980208B318B428B66
:106F3000538B648B758B868B978BC4010E940320C7
:106F4000882309F42ACD2EA53FA548A959A9D40123
:106F500058962D933D934D935C935B977FCD80978F
:106F600009F01BCD511017C0F40180819181A281DD
:106F7000B3819C01AD0120523109410951092AA771
:106F80003BA74CA75DA7808D918DA28DB38D8EA35D
:106F90009FA3A8A7B9A7539461CDF40186A586FB4A
:106FA000882780F99FE2D3011D929A95E9F720A1E5
:106FB00031A1F30131A320A398E294A72EA13FA110
:106FC00048A559A522A333A344A355A32AA53BA5AD
:106FD0004CA55DA526A337A340A751A782A7F10121
:106FE000808191819383828310E080E2982E91ECDE
:106FF000A92E20ECD22ECDA06894C7F835E8B32E88
:107000000FEF040D41E2E42E48E5F42E141509F4C7
:107010005BC041E0612FC3010E942F1FDC01892B5F
:1070200009F4BBCC8C9187FDB8CCFD01292D1192C0
:107030002A95E9F7111114C0BC92F30103A7119628
:107040000C9311971B96FC92EE921A971F96FC9246
:10705000EE921E975396FC92EE9252971F5FD6CFF8
:10706000113091F4DC9211961C931197F301C6A68E
:10707000F101868113968C931397808591851596DF
:107080009C938E931497EACFAC92F1014481558181
:10709000BD016E5F7F4FCD018096F101A281B3816A
:1070A000A417B507D9F29D012F5F3F4F3383228389
:1070B0002C91022E000C330BDB012D933D93BD016F
:1070C0008A179B0751F7CACFC3010E940320F82EED
:1070D00034CECF93DF93EC01FB018CA5811119C055
:1070E00084A58075B1F020812F7130E040E050E040
:1070F00060E070E080E090E0A0E00E94208149F430
:1071000020E050E040E0BF01CE01DF91CF910C9430
:107110009D3480E0DF91CF9108950F931F93CF931B
:10712000DF93EC018B010E94AB20F80180A991A9AB
:10713000892B31F1188219821A82D9ABC8AB60A9A8
:1071400071A9FB018081807D21F419AA18AA80E031
:1071500012C080899189A289B3898F719927AA2742
:10716000BB27892B8A2B8B2B81F7CE010E944F34B2
:10717000882359F381E0DF91CF911F910F910895FA
:1071800082A993A9892B19F31CA61DA61EA6DBAB09
:10719000CAAB62A973A9CE010E9469388111EACFF6
:1071A0001BAA1AAAE8CF6F927F928F929F92AF92FA
:1071B000BF92CF92DF92EF92FF920F931F93CF93E4
:1071C000DF93CDB7DEB7E9970FB6F894DEBF0FBEF9
:1071D000CDBF8C017B015A01922E1DA61EA61FA6B3
:1071E000DC019C968C918823B1F080E0E9960FB683
:1071F000F894DEBF0FBECDBFDF91CF911F910F91ED
:10720000FF90EF90DF90CF90BF90AF909F908F90C6
:107210007F906F900895FB0184A5807531F3DA01AA
:107220008C918F3229F5FA015F0121912F32E1F320
:10723000F70180A191A121110DC02FE2D8011D926B
:107240002A95E9F720E4F80124A791A380A381E01F
:1072500086A7CCCFFE0131962FE2DF011D922A9541
:10726000E9F720E42DA79AA389A381E08FA77F01E6
:10727000650196012F5F3F4FF60180818032F1F06A
:10728000D9AAC8AADDAACCAA5F01D5018D903D017B
:107290008820E1F0BFE28B1699F0882D0E94D22160
:1072A0008111A3CF87FCA1CFEEE28E1629F0F0E288
:1072B0008F1611F07DAA6CAAF301E6CF6901D9CF30
:1072C0005F0181918032E1F38F32D1F3DBAACAAA48
:1072D0008CA99DA950E040E0EAA9FBA9E817F907AD
:1072E000B1F09F012F5F3F4F3BAB2AAB30812FE9BD
:1072F000230F2A3108F4305240FB5795479557F930
:10730000430F511D40FB5795479557F9E5CF8C1911
:107310009D099FAB8EAB59AF48AF01978F3F910549
:1073200008F063CFD5018C918823E9F020E0AE010D
:10733000405D5F4FB701C8010E949D34882309F466
:1073400054CF8FE2F801DE01119601900D928A95DB
:10735000E1F7C8010E940320F80114A616A6CE0189
:1073600001967C0185CF292DAE01405D5F4FB701AD
:10737000C8010E949D343ACF0E940D82FB0101900A
:107380000020E9F73197AF01461B570BDC01ED9167
:10739000FC910280F381E02D19942F923F924F923D
:1073A0005F926F927F928F929F92AF92BF92CF9295
:1073B000DF92EF92FF920F931F93CF93DF93CDB79E
:1073C000DEB7CE54D1090FB6F894DEBF0FBECDBFE5
:1073D000FC0119A21AA21BA29081907D09F44AC156
:1073E0002F964FAF2F978B013F01CF010E940724AB
:1073F000CE0101967C0189A1811138C1D3018C9104
:10740000807D09F433C150968D919D910D90BC9172
:10741000A02D8F719927AA27BB27892B8A2B8B2B0D
:1074200009F024C1B301CE0181960E944F34882314
:1074300009F41CC189A181FDC9C0412C2F96BFADA3
:107440002F974B1659F0D801ED91FC910190F081E6
:10745000E02D60E2C80119954394F0CFCE018196EA
:107460000E94A81A882379F060E0CE0181960E94DC
:107470006819009741F0FC0146895789608D718D2C
:10748000C8010E94B812D801ED91FC910190F081E1
:10749000E02D60E2C80119951B8669AD7AAD8BAD10
:1074A0009CADFE013B9661157105B1E08B0791051E
:1074B00008F432C0DC01CB0133E3839F8827030E3D
:1074C000811D202D939F9927800D911DA39FAA2791
:1074D000900DA11DB39FBB27A00DB11D1124280F36
:1074E000891F9A1FAB1FB11D290F8A1F9B1FA11D4A
:1074F000B11D2B0F811D911DA11DB11DB695A79525
:107500009795879527953AE0239F212D1124BC015B
:10751000CD01205D2293C7CFCF010E948012E816D3
:10752000F90628F4FC0120E22293CF01F8CFB7013D
:10753000C8010E94BE39D801ED91FC910190F08103
:10754000E02D60E2C801199519821A821B8289A177
:107550008823A1F08CA1811140C04DE050E0BE0114
:107560006F5B7F4FCE0181960E948519892B31F088
:10757000BE016F5B7F4FC8010E94BE3989A1807D2B
:1075800049F0D801ED91FC910190F081E02D6FE27E
:10759000C8011995D801ED91FC910190F081E02D81
:1075A0006DE0C8011995D801ED91FC910190F08131
:1075B000E02D6AE0C801199589A1807D39F042E08B
:1075C000440DB801CE0181960E94CD39CE0181963D
:1075D0000E94A81A19A21BA20ECFBE016F5D7F4F99
:1075E000C7010E940A33882349F2CC24C394D12CCA
:1075F0008CA18C1518F26DA17EA16C197D09C701B3
:107600000E944C2B4C01009709F4B8CFFC018385F4
:107610008F3009F0B3CF80818F71C812AFCF5E0178
:10762000F1E4AF0EB11C512C1501652DC4010E946F
:107630004C0A009761F08F37910510F08FE390E0CE
:10764000D5018D935D015394BDE05B12EECF452DC6
:1076500050E0D801ED91FC910280F381E02DB10161
:10766000C8011995BFEFCB1ADB0AC2CF81E0F30145
:107670009181911180E0C25BDF4F0FB6F894DEBFBD
:107680000FBECDBFDF91CF911F910F91FF90EF9073
:10769000DF90CF90BF90AF909F908F907F906F9032
:1076A0005F904F903F902F9008952F923F924F926E
:1076B0005F926F927F928F929F92AF92BF92CF9282
:1076C000DF92EF92FF920F931F93CF93DF93CDB78B
:1076D000DEB7CB54D1090FB6F894DEBF0FBECDBFD5
:1076E000FC011DA61EA61FA694A5907511F480E0AE
:1076F00024C12C964FAF2C974B013F01CF010E9424
:107700000C24CE01C89627969FAF8EAF2797B30162
:10771000CE0101960E946938882309F405C18DA520
:1077200081FDFBC0312C2C969FAD2C97391659F05A
:10773000D401ED91FC910190F081E02D60E2C40153
:1077400019953394F0CF40E0BE016D5D7F4F89A164
:107750009AA10E94901B009741F0FC014485558539
:1077600066857785C4010E94B812D401ED91FC9121
:107770000190F081E02D60E2C4011995B989289645
:10778000BFAF2897BA89FB89EC898D8929968FAF7D
:1077900029979E892A969FAF2A972F88A88D2B9686
:1077A000AFAF2B9725961FAE259790E3492E512C0E
:1077B0004C0E5D1E84E1480E511C8AE0A82EB12CAF
:1077C000C12CD12CE12CF12C00E010E028962FAD3B
:1077D00028973B2F4F2F5E2F29966FAD29972A961A
:1077E0007FAD2A97822D2B969FAD2B970E947F808D
:1077F0002896AFAD2897A05DBAE02B9FA019112461
:10780000F201A2932F0128962FAF2897B32FF42FC0
:10781000E52F29966FAF29972A967FAF2A97282EB2
:107820002B969FAF2B97A0E00E94208131F62796E0
:107830008EAD9FAD27978415950528F4D201E0E21F
:10784000EE932D01F4CF4114510421F0B201C40193
:107850000E94BE39D401ED91FC910190F081E02DA0
:1078600060E2C40119958DA5882379F112E08CA5F9
:10787000811758F140E0612FCE0101960E942F1F21
:10788000009719F1FC012081213CF9F43296DE01C8
:10789000D09640E081919191009749F08F37910502
:1078A00010F08FE390E08D934F5F4F3099F750E0E9
:1078B000D401ED91FC910280F381E02DBE01605D69
:1078C0007F4FC40119951F5FD2CF8DA5807549F0F8
:1078D000D401ED91FC910190F081E02D6FE2C401A3
:1078E0001995D401ED91FC910190F081E02D6DE0AE
:1078F000C4011995D401ED91FC910190F081E02D26
:107900006AE0C40119958DA5807539F042E0430DF8
:10791000B401CE0101960E94553BCE0101960E9412
:1079200003201DA61FA6F3CEF30184A5882309F426
:10793000DECE81E095A59111DACEC55BDF4F0FB6A3
:10794000F894DEBF0FBECDBFDF91CF911F910F9195
:10795000FF90EF90DF90CF90BF90AF909F908F906F
:107960007F906F905F904F903F902F900895BC0153
:107970008091C5119091C611009729F040E0855D76
:107980009D4F0C94CD398091C7119091C8110097EB
:1079900029F040E0815D9D4F0C94553B08952F9256
:1079A0003F924F925F926F927F928F929F92AF928F
:1079B000BF92CF92DF92EF92FF920F931F93CF93DC
:1079C000DF93CDB7DEB764970FB6F894DEBF0FBE76
:1079D000CDBF9C8B8B8B2B01742EDB0113968D906E
:1079E0009C90F40186859785DC011296ED91FC91BF
:1079F00013972281338125703327232B09F053C03D
:107A0000ED91FC910680F781E02D00E020E04B89AC
:107A10005C891995882321F1F20163817481DB016E
:107A20001E968D919C91DC01ED91FC91A480B58016
:107A3000EB89FC89A681B781F72D44E0F40290011F
:107A400011240D90BC91A02DA20FB31F1296EC90A3
:107A5000C72CD2010C912B893C8941E0F501199585
:107A6000F20181819281AB89BC891B969C938E9394
:107A70001A9780E064960FB6F894DEBF0FBECDBFB4
:107A8000DF91CF911F910F91FF90EF90DF90CF90FA
:107A9000BF90AF909F908F907F906F905F904F902E
:107AA0003F902F900895D4011796AC90AA2051F0E2
:107AB000C4010E940912DC011296ED91FC918281B1
:107AC00082FDAA940A2C000CBB08EB89FC89E48097
:107AD000F580EA0CFB1CD7010C91D2011196ED91B7
:107AE000FC910280F381E02DC280D3801601B0E1C9
:107AF0002B223324808581FD06C0F40110851123DB
:107B000089F082FD0EC02114310459F4672DAB8930
:107B1000BC8916968D919C910E94480D11E082308F
:107B20000CF410E0C2FC28C0C12ED12CEB89FC89DA
:107B30008485882309F495C0D2012C910680F781B1
:107B4000E02DB72D34E0B302C00111240190F08183
:107B5000E02DE80FF91F61813381822F022E000C86
:107B6000990B630F062E000C770B6C197D090E9490
:107B70003F80281BD7012C93EB89FC89408540FD71
:107B8000D3C00480F581E02DEA0DFB1D80818013B8
:107B9000CBC0AB89BC891A968D919C911B97F20141
:107BA000218132818217930709F0BEC01696ED91AC
:107BB000FC910280F381E02D272D220F330BE20F81
:107BC000F31F208131812415350509F0ADC041FD39
:107BD000ADC0DC01ED91FC910680F781E02D00E065
:107BE00021E04B895C89B2011995F201A181B28132
:107BF00016969C911697682E692A29F4EB89FC89C0
:107C0000808581FF36CF872C072C000C9908EB89E3
:107C1000FC8926813781C401880F991F880F991F1D
:107C2000F90120813181F901E80FF91F22812983AF
:107C3000111148C1ED91FC9111970680F781E02D5B
:107C400000E020E04B895C89B201CD0119958111DA
:107C500026C1611027C12114310409F48BC11A8295
:107C600092C1F20180814601880E911C87FD9A9491
:107C7000AB89BC891496ED90FC901597EA0CFB1C1F
:107C8000F7016080672D16968D919C910E94480D9A
:107C9000082E000C990B860D911D67FC9A9588168D
:107CA000990624F06394D7016C92DBCFAB89BC8931
:107CB0001496ED91FC91EA0DFB1D9081F2018081FB
:107CC00089175CF4AB89BC891496ED91FC91EA0D9F
:107CD000FB1D808181508083E9CF218132819923EE
:107CE00009F44ACFC9010E94110DE82E880FFF0840
:107CF000AB89BC891496ED91FC911597EA0DFB1D9B
:107D00008081E81AF10887FDF394672D16968D910E
:107D10009C910E94480D082E000C990B8C199D090E
:107D2000E816F9067CF228CF81E05FCF80E05DCFD6
:107D30002114310409F41EC166E174E08B899C8929
:107D40000E94BE398CCFDC01ED91FC910680F78159
:107D5000E02D00E020E04B895C89B201199581118A
:107D600065C1D3942EC12114310409F47DC02B8147
:107D70003C818216930609F077C064E174E08B8938
:107D80009C890E94BE39F980EE24EA94EF0CF5013B
:107D900024813581AB89BC89ED91FC9111970488D0
:107DA000F589E02D0D81412F61E070E0CD0119953D
:107DB0001E1414F5F20163817481D501ED91FC91DB
:107DC0000480F581E02DC72C0D2D2B893C89412F96
:107DD000C5011995181684F42114310469F0EB815A
:107DE000FC816AE574E08E169F0611F063E174E091
:107DF0008B899C890E94BE392B813C818216930617
:107E000009F0AFCFAB89BC891696ED91FC918481C6
:107E1000082E000C990B2F853889281739070CF08C
:107E2000A0CFD50112968D919C91DC0112968C9178
:107E300080FF02C084FF1AC00280F381E02D2885F4
:107E40003985E20FF31F80819181892B09F489CF55
:107E5000AB89BC89ED91FC9111970088F189E02DE7
:107E60006C85CD0119957DCFF98055C1D20113964E
:107E70006D917C912C85A5018B899C890E94BD0DFB
:107E8000AB89BC891696ED91FC910280F381E02DBF
:107E900028853985E20FF31F5182408262CF662028
:107EA00009F446CF2114310409F046CFAB89BC89CF
:107EB000ED91FC9111970088F189E02D672DCD019E
:107EC000199558C061103AC12114310409F034CF1A
:107ED000AB89BC89ED91FC9111970488F589E02D5F
:107EE00000E021E030E040E065E070E0CD01199570
:107EF000AB89BC89ED91FC9111970484F585E02D47
:107F0000C12CEE24E394F12C25E030E0472D60E015
:107F1000CD011995AB89BC89ED91FC91119704882D
:107F2000F589E02D21E030E041E065E070E0CD0131
:107F30001995AB89BC89ED91FC9111970288F38961
:107F4000E02D272D40E060E0CD011995F2018181FF
:107F5000928163817481DC01ED91FC910480F58153
:107F6000E02DC72CE980EA94EA940FEF2B893C8935
:107F700041E01995EB89FC8984819581A80EB91E91
:107F8000D501BC91BA83EFEF8E1A9E0A9401220F9D
:107F9000331F39872887D12C412F50E05B874A87D0
:107FA0008A81082E000C990B9E878D87988A8F8670
:107FB00091E0970D9C87AA81AF5CA98BB981B350E2
:107FC000BA8BED2C0D2C000CFF082114310491F418
:107FD000672DEB89FC89868197810E94480D082EC8
:107FE000000C990B2A853B85821B930BE816F9063A
:107FF0000CF036CD8D849E848E0C9F1CD201119680
:108000008D919C910E94110D082E000C990B8816E1
:1080100099060CF025CD6A816D0DF2018181928166
:108020000E940A0D5C01662009F48DCE2A853B85ED
:108030002E0D3F1D3F832E83D2018C91E82F880F98
:10804000FF0BFC83EB8311E08E169F0609F010E016
:10805000F1E0FD83D20111968D919C918A159B05CB
:1080600009F01D822114310401F5F501E480F58049
:10807000AB89BC89ED91FC9111970484F585E02DC5
:10808000C12C012F30E020E0472D6E81CD011995E4
:10809000AB89BC89ED91FC9111970288F389E02DA1
:1080A000272D4E8160E0CD011995F50124813581A0
:1080B000AB89BC89ED91FC9111970488F589E02D7D
:1080C0000D81412F61E070E0CD011995D201139629
:1080D000ED91FC91828D882309F445CE2114310461
:1080E00009F045CEEB89FC89808582FFBDCE0989E8
:1080F0000D0D6BE5CF010E94700A0A330CF00DE202
:10810000602F8B899C890E94700A6DE58B899C8900
:108110000E94700AFA88D50114962D913C91AB8982
:10812000BC89ED91FC9111970688F789E02DE72C29
:108130000D81412F6E81CD01199526CE2114310478
:1081400009F0FACDAB89BC89ED91FC9111970088BB
:10815000F189E02D672DCD011995BACE2F923F926E
:108160004F925F926F927F928F929F92AF92BF9247
:10817000CF92DF92EF92FF920F931F93CF93DF93F3
:1081800000D01F92CDB7DEB73C016B01B12CA12C02
:10819000D3018D919C911197A816B9060CF053C18B
:1081A0001296ED91FC91C501880F991FE80FF91FF8
:1081B000E080F180F7018085918581729927892B74
:1081C000A1F482859385892B09F09EC0D601139670
:1081D0000D90BC91A02DBA83A9830E94FD0CE9816A
:1081E000FA81648B758B868B978BD60113960D90D5
:1081F000BC91A02DBA83A983CD010E940912E98107
:10820000FA812781022E000C330BDC011296ED91CE
:10821000FC91828182FF02C021503109B5E0B29FFA
:10822000C001B39F900D1124E981FA8144805580EB
:10823000480E591ED7011696ED91FC91B481EB2F93
:108240000E2E000CFF0B3197FC83EB832E173F079C
:1082500014F43C832B83D70118968C9183FF08C0BC
:10826000EB81FC81309709F498C03197FC83EB8354
:1082700010E000E0A9018B819C81481B590B5A83B7
:108280004983AB81BC810A171B070CF086C0F6013D
:108290006381748189819A81800F911FF5E0F89F35
:1082A0004001F99F900C1124DB0114968D919C9153
:1082B000880E991E1801220C331CF701808581FF5E
:1082C0000DC00680F781E02D0280F381E02DE20DE4
:1082D000F31D808191818816990699F0D401119639
:1082E0004D915C91202FC7010E94BD0DD7011696BC
:1082F000ED91FC910280F381E02DE20DF31D91825E
:1083000080820F5F1F4FBDCFD60111968D919C913A
:10831000DC01ED91FC910680F781E02D00E021E089
:10832000A701B6011995811151CFD6011396ED9190
:10833000FC918189882369F1808D918D892B49F188
:108340000E94FD0CF6010380F481E02DFA83E9839D
:108350000489158926893789601B710B820B930B61
:1083600028EE33E040E050E00E945380A981BA81BA
:1083700058968D919C91B0E0A0E082179307A407D6
:10838000B50738F4E981FA8162857385CF010E94CF
:108390002F243FEFA31AB30AFBCED7011696ED9117
:1083A000FC91BB81B5834B2FB201C7010E94CF3C2A
:1083B0000B811C81000F111FD7011696ED91FC91C6
:1083C0000280F381E02DE00FF11FD182C082EB81AA
:1083D000FC813296FA83E983D7011696ED91FC91E0
:1083E00017978481082E000C990B29813A81281750
:1083F00039077CF6480134E0830E911C0280F3813A
:10840000E02DE80DF91D80819181892B99F0ED9186
:10841000FC910088F189E02D6981C7011995D70188
:108420001696ED91FC9182819381880E991EF4013C
:108430001182108229813A812F5F3F4F3A8329832D
:108440000E5F1F4FC9CF1A821982D3018D919C9163
:10845000E981FA81E817F907F4F4D60111968D91B4
:108460009C919F01220F331FD3011296ED91FC9135
:10847000E20FF31F40815181DC01ED91FC910280FC
:10848000F381E02D21E0B6011995E981FA81319659
:10849000FA83E983DACF80E00F900F900F900F906E
:1084A000DF91CF911F910F91FF90EF90DF90CF90D0
:1084B000BF90AF909F908F907F906F905F904F9004
:1084C0003F902F900895AF92BF92CF92EF92FF927C
:1084D0000F931F93CF93DF938C015B01E9014E2D26
:1084E000DC011296ED91FC9164817581E881F9813E
:1084F0000084F185E02DC9011995F82ED801129656
:10850000ED91FC9182819381857199274597A1F422
:10851000F501878164817581F5E08F02600D711D21
:108520001124DB0111968D919C910817190779F49C
:108530004C2DCE010E94CF3C8F2DDF91CF911F910A
:108540000F91FF90EF90CF90BF90AF9008952C2D9A
:10855000A801B501CE010E94BD0DEECF68E174E027
:108560000E94BE3990E080E00895AF92BF92CF9212
:10857000DF92EF92FF920F931F93CF93DF936B01E4
:10858000EA01FB01448155814115510561F1FC016E
:10859000248135812115310531F12417350718F172
:1085A000C217D30710F0E9012197FC010081118166
:1085B000C801AA24AA94BB24BA947801EC0EFD1E2B
:1085C000E816F906A0F0F601608171810E949E8292
:1085D000009769F09C01201B310BC217D30708F0EC
:1085E00059010196EDCFAA24AA94BB24BA94C501DF
:1085F000DF91CF911F910F91FF90EF90DF90CF907F
:10860000BF90AF900895FC0124813581232B31F474
:1086100021E0FB01672B49F4822F0895808191812D
:108620006115710539F421E0FC0180818823A1F3F3
:1086300020E0F2CF0E94668221E0892B69F3F8CF17
:108640000F931F93CF93DF93EC018881998100975B
:1086500059F02A813B812617370730F081E0DF91FE
:10866000CF911F910F9108958B016F5F7F4F0E94F3
:108670002C81009759F0998388831B830A832C816E
:108680003D81232B59F7FC011082E8CF80E0E7CF32
:10869000EF92FF920F931F93CF93DF9361157105B4
:1086A00041F480E0DF91CF911F910F91FF90EF9007
:1086B000089541155105B1F07B01EC010C811D813C
:1086C000040F151FB8010E942043882351F328810D
:1086D00039818C819D81B701820F931F0E946F8227
:1086E0001D830C8381E0DECFCF93DF93EC01888183
:1086F0009981009711F00E94467C198218821D8290
:108700001C821B821A82DF91CF910895CF93DF9351
:10871000EC01FB0144815581608171810E944843D5
:10872000811103C0CE010E947443CE01DF91CF912D
:108730000895EF92FF920F931F93CF93DF93EC0175
:108740007B018A01BA010E94204381110BC0CE0136
:108750000E947443CE01DF91CF911F910F91FF9042
:10876000EF9008951D830C83B701888199810E9441
:108770006F82F0CFCF93DF93EC01FB018617970751
:1087800049F0608171816115710541F04481558125
:108790000E949943CE01DF91CF9108950E947443C6
:1087A000F9CFFC0111821082138212821582148289
:1087B0000C94BA43FC01118210821382128215823A
:1087C00014826115710551F0FB0101900020E9F759
:1087D0003197AF01461B570B0C9499430895AF9204
:1087E000BF92CF92DF92EF92FF920F931F93CF939E
:1087F000DF937C016B015A0189012417350720F4AE
:108800008B2D5901042F182F63E174E0C7010E94DA
:10881000DA43D6011496CD91DC91AC16BD0620F555
:108820000C171D0708F4E801D601ED91FC91119792
:10883000EC0FFD1F108110826D917C916A0D7B1DE4
:1088400061157105E9F0FB0101900020E9F731970E
:10885000AF01461B570BC7010E949943F601808167
:108860009181C80FD91F1883C701DF91CF911F9144
:108870000F91FF90EF90DF90CF90BF90AF90089551
:10888000C7010E947443EACFFC0180819181009767
:1088900011F00C94467C0895EF92FF920F931F9372
:1088A000CF93DF93EC0185E493E0998388837E0185
:1088B00088EBE81A8EEFF80A61F08E01085F1D4F11
:1088C000E016F10631F006501109C8010E94444437
:1088D000F7CFCE01DF91CF911F910F91FF90EF90D5
:1088E0000C944E23CF93DF93EC0185E593E09983BD
:1088F00088838FE693E098878F83CE01815E9D4FBA
:108900000E944444CE01875E9D4F0E944444CE01A4
:108910008D5E9D4F0E944444CE010796DF91CF911A
:108920000C944C4407970C9472442F923F924F92B0
:108930005F926F927F928F929F92AF92BF92CF92EF
:10894000DF92EF92FF920F931F93CF93DF93CDB7F8
:10895000DEB7CE54D1090FB6F894DEBF0FBECDBF3F
:108960008C016A017B01F7FE03C0C12CD12C76017A
:10897000F801EC5BFE4FC082D182E282F3821801E3
:1089800020EF221A2EEF320AC1010E94832388238E
:1089900019F0C1010E941B24C801885F9D4F2F96CA
:1089A0009FAF8EAF2F97FC0110821182128213822B
:1089B00026013701FFE14F0E511C611C711C58014B
:1089C00022E0A20EB11CCE0101960E946123B101EA
:1089D000CE010D960E948D38CE010D960E94752312
:1089E000811122C0CE010D960E94AB20CE010196CE
:1089F0000E944623C25BDF4F0FB6F894DEBF0FBE66
:108A0000CDBFDF91CF911F910F91FF90EF90DF903D
:108A1000CF90BF90AF909F908F907F906F905F901E
:108A20004F903F902F9008952F96EEADFFAD2F976A
:108A300080819181A281B3818C159D05AE05BF0512
:108A40000CF466C0481659066A067B060CF460C032
:108A5000F80112828DAD9EAD009709F471C0B50189
:108A60000E943C33CE010D960E94832393E1892E10
:108A700094E0992E882321F085E5882E84E0982EB5
:108A8000B501CE018F5B9F4F0E94DA43BE016F5B41
:108A90007F4FCE01895B9F4F0E94D143F40101902B
:108AA0000020E9F73197AF0148195909B401CE0107
:108AB000895B9F4F0E944843811105C0CE01895BAD
:108AC0009F4F0E9474432F96EEADFFAD2F974081CC
:108AD0005181628173814C195D096E097F09F6E04D
:108AE000F49FC001F59F900D1124885B9E4FBE013D
:108AF000695B7F4F800F911F0E94BA43CE01895B53
:108B00009F4F0E944444CE018F5B9F4F0E9444447C
:108B1000CE010D960E94AB202F96EEADFFAD2F97A4
:108B200080819181A281B3810196A11DB11D8083B5
:108B30009183A283B383CE0101960E94462343CF43
:108B400021968EAD9FAD2197009709F48BCFB5018B
:108B50000E94B81F87CF8F929F92AF92BF92CF9201
:108B6000DF92EF92FF920F931F93CF93DF93CDB7D6
:108B7000DEB7C654D1090FB6F894DEBF0FBECDBF25
:108B80008C014B01FC01E85FFD4F80819181A28146
:108B9000B38180329105A105B10524F080E290E017
:108BA000A0E0B0E0580128EBA21A2EEFB20AD12CB7
:108BB000C12CE82E880FFF08CE14DF0434F5F40131
:108BC00024813581F5018481958128173907B1F415
:108BD000F40180819181F50160817181009709F430
:108BE0008CC06115710539F4232B09F494C0FC0184
:108BF000808190E08DC00E9466828AC0FFEFCF1A0C
:108C0000DF0A26E0A20EB11CD7CFB401CE018F5BE4
:108C10009F4F0E94D143780180EFE81A8EEFF80A47
:108C2000C7010E948323882319F0C7010E941B24D7
:108C3000D12CC12C5801E2E0AE0EB11CCE01019640
:108C40000E946123B701CE010D960E948D38CE019E
:108C50000D960E94752381111AC0CE010D960E94B7
:108C6000AB20CE0101960E944623C12CD12C760167
:108C7000CE018F5B9F4F0E944444B701A601405133
:108C8000510961097109C8010E94954453C0F80156
:108C900012828DAD9EAD0097D1F0B5010E943C339C
:108CA000892BF9F0B501CE018F5B9F4F0E940343E2
:108CB0008823B9F0CE010D960E94AB200D2C000C3C
:108CC000EE08FF08CE0101960E944623D1CF2196DF
:108CD0008EAD9FAD2197009721F0B5010E94B81F7E
:108CE000DFCFCE010D960E94AB20FFEFCF1ADF0A37
:108CF000CE0101960E944623A1CF6115710559F05E
:108D0000232B49F0FB01808190E091958195910999
:108D1000892B09F073CFF801EC5BFE4F0D2C000C92
:108D2000EE08FF0880819181A281B381C80ED91E0F
:108D3000EA1EFB1EC701B601CA5BDF4F0FB6F894EF
:108D4000DEBF0FBECDBFDF91CF911F910F91FF907E
:108D5000EF90DF90CF90BF90AF909F908F9008954D
:108D6000EF92FF920F931F93CF93DF9300D000D029
:108D7000CDB7DEB76230710521F5DA011396ED91BA
:108D8000FC9114976685778511968D919C91681753
:108D90007907B9F079018A01B901615E7D4FCE0191
:108DA00001960E94D143BE016F5F7F4FC7010796B6
:108DB0000E94AB456F5FF8016083CE0101960E946F
:108DC000444490E080E026960FB6F894DEBF0FBED4
:108DD000CDBFDF91CF911F910F91FF90EF9008953C
:108DE000CF92DF92EF92FF920F931F93CF93DF9377
:108DF0008C01EB0169017A01F7FC0CC0FB01E85F13
:108E0000FD4F80819181A281B381C816D906EA06FF
:108E1000FB067CF063E174E0C8010E94DA43C801FC
:108E2000DF91CF911F910F91FF90EF90DF90CF9046
:108E30000895FB01EC5BFE4F80819181A281B3819B
:108E4000C816D906EA06FB06ECF0AC01BD01415E8E
:108E50005F4F6F4F7F4F4C155D056E057F0594F09A
:108E6000C81AD90AEA0AFB0A86E08C9DB0018D9DDA
:108E7000700D1124685B7E4F6C0F7D1FC8010E942E
:108E8000D143CDCFB701A601405151096109710904
:108E9000CE010E949544A7019601BE01C8010E941F
:108EA000F046BDCF6F927F928F929F92AF92BF920A
:108EB000CF92DF92EF920F931F93CF93DF9300D067
:108EC00000D0CDB7DEB74C013B016901102FDB01AB
:108ED0001E96AD90BC90A816B906B9F15C01B1EE32
:108EE000AB1ABDEFBB0A63E174E0C5010E94034306
:108EF000D601ED91FC910084F185E02D882309F1E4
:108F0000D40112968D919C91DC0114966D917C9107
:108F10004E2DC6011995E82E8E2D26960FB6F89483
:108F2000DEBF0FBECDBFDF91CF911F910F91EF90AC
:108F3000DF90CF90BF90AF909F908F907F906F9079
:108F40000895D5016D917C91E3CF0F3F09F04BC09F
:108F5000D5011296ED91FC911397A15FBD4F8C91B5
:108F60008F5F82874501BDEE8B1ABDEF9B0AE9EE4C
:108F7000AE1AEDEFBE0AD5016D907C90B2E06B1A8F
:108F8000710865E574E0CE0101960E94DA43A30101
:108F9000BE016F5F7F4FC4010E94B542182FCE0102
:108FA00001960E944444F50120813181215031090C
:108FB00041E0410F042E000C550BB401CE01019687
:108FC0000E94EF4369817A81D601ED91FC91008482
:108FD000F185E02D4E2DC6011995E82ECE010196A2
:108FE0000E94444499CFD901ED91FC910488F58900
:108FF000E02D00E021E030E061E070E0C60119956D
:10900000F3018781D6011496ED91FC911597E80F35
:10901000F11D87FDFA958081982F910FED91FC91BC
:10902000191654F00084F185E02D4E2D67E574E0AB
:10903000C6011995E81A70CF80849184212F110FF1
:10904000330B280F311D87FD3A9521503109032E2E
:10905000000C440B550BB501695F7F4FCE010196A3
:109060000E94F04669817A814E2DC601F40119955E
:10907000E81AB4CFCF93DF93EC010E947244CE0183
:10908000DF91CF910C94467C07970C943A48CF938C
:10909000DF93EC010E944E23CE01DF91CF910C941F
:1090A000467CCF93DF93EC010E944C44CE01DF91CC
:1090B000CF910C94467CAF92BF92CF92DF92EF9209
:1090C000FF920F931F93CF938C017B01CA01D801AC
:1090D000ED91FC91A684B784DA01ED91FC910284B4
:1090E000F385E02D1995C82FD7011396ED91FC91CA
:1090F000828DCC2E0C2E000CDD08882339F0B601B1
:109100008CE594E00E945B82892B51F52091530AF3
:109110003091540AF90190E080E042814C151D0421
:10912000B9F4FC01EE0FFF1FE80FF91FE20FF31F68
:10913000208131814FEFB701C801F501CF911F9117
:109140000F91FF90EF90DF90CF90BF90AF90199468
:10915000019633968A30910501F720E030E0EACF9E
:109160004FEC4C0F27E030E0E6CF1F93CF93DF9317
:1091700085ED8093BC0080914C0590914D05A091A8
:109180004E05B0914F050796A11DB11D23E0B69580
:10919000A795979587952A95D1F72091BC0024FD36
:1091A00003C01092940552C040914C0550914D055A
:1091B00060914E0570914F05452B462B472B69F367
:1091C0000097A105B10541F02AE22A95F1F700C008
:1091D0000197A109B109E1CF80914B05C1E0C0938E
:1091E0004A05882399F1D091B8001091BA00809176
:1091F000BC008A7B8093BC0060E084E10E943B0C51
:1092000060E085E10E943B0C10929405C0939605A6
:109210001092950561E084E10E943B0C61E085E1DC
:109220000E943B0C8091B9008E7F8093B9008091A1
:10923000B9008D7F8093B90088E48093B80085E4FD
:109240008093BC001093BA00D093B800DF91CF9107
:109250001F9108952F923F924F925F926F927F924B
:109260008F929F92AF92BF92CF92DF92EF92FF9236
:109270000F931F93CF93DF93CDB7DEB7AC970FB6A5
:10928000F894DEBF0FBECDBF8C017B01FA01DB017C
:109290008C91807D11F480E055C1D8018C918111B1
:1092A000FACF868197810C966DE070E00E942B804A
:1092B00069A381858370772473948111760E622E61
:1092C0006F011CA70BA7F7010680F781E02DFBA318
:1092D000EAA3C7010E9407241DA21EA2812C10E050
:1092E000912C00E01CA29601265F3F4F3AA729A7C8
:1092F000D70150962D903D904D905C90539765E02E
:1093000056944794379427946A95D1F7510160E0B9
:10931000C7010E94FB2AFC01892B09F075C0F701E7
:1093200081818111B8CF64FEB6CF862D83708150C4
:10933000823008F0B0CF992011F0ADA0BEA09714F4
:1093400008F04DC160E0C7010E94FB2A892B09F09B
:1093500024C1F701818100E012E081119CCFD70187
:109360008C9186FD98CF50968D919D910D90BC91DA
:10937000A02D81159E4FAF41B10508F08CCFC701DC
:109380000E94E319882309F486CFD7011696ED9140
:10939000FC9117971C962D903D904D905C901F97D7
:1093A000B2E02B1A310841085108848104C0220C14
:1093B000331C441C551C8A95D2F780899189A28957
:1093C000B389280E391E4A1E5B1E812CD7011696C2
:1093D000ED91FC918281881608F0E1C025E0B20190
:1093E000A101480D511D611D711DCF0180960E9484
:1093F0000216009709F44FCFFC01980111922150F9
:109400003040E1F78394E2CF9081953E11F09111C5
:109410000EC0911002C02DA23EA2971408F493949E
:10942000992309F480CF953E29F400E061CF971489
:1094300008F449C09E32C9F383858F3009F06FC0AC
:10944000011143C0192F1F7129A1211351CF96FF7C
:109450004FCF8584022F113009F04ACF80E2F70107
:10946000DE01119601900D928A95E1F7D6018D915A
:109470009C91119713969C938E9312974424439436
:10948000041508F435CFB501CE0101960E944C2B8E
:109490001C01892B51F2F6010480F581E02DF8A71B
:1094A000EFA3512C652DC1010E944C0AD6011296E2
:1094B000ED91FC912FA138A5E217F30771F4892BE8
:1094C00009F416CFB2CF912CB5CF11509113ADCF77
:1094D0008585881509F4BFCFA8CF8038910508F09D
:1094E000A4CF2FE9280F2A3108F480529F012F5F63
:1094F0003F4FD60113963C932E93129790812FE9FC
:10950000290F2A3108F4905298138FCF5394BDE05D
:109510005B12C8CF4394E1E0AE1AB108B1CF83FD2E
:1095200084CF002341F1113009F0B5CECF010E9464
:109530008A188811B0CE262DA501B7018BA59CA550
:109540000E94CA33AC960FB6F894DEBF0FBECDBFF3
:10955000DF91CF911F910F91FF90EF90DF90CF900F
:10956000BF90AF909F908F907F906F905F904F9043
:109570003F902F9008954BE050E069A57AA5CF0168
:109580000E942B82892B09F0B3CED60119968C91BB
:1095900080FFD1CFB1E0BCA3ABCE9394D0CE848179
:1095A000980102C0220F331F8A95E2F7F7018089E4
:1095B0009189A289B389820F931FA11DB11D808B50
:1095C000918BA28BB38BAAA1BBA112968C91B0E117
:1095D0008B9FC0011124980E971408F4C0CEECA103
:1095E000EE23E9F1D60118965C9042E6442E10E095
:1095F00000E05EE7352E4601BAE08B0E911C0E941A
:10960000FD0C060F171FE3E0E51510F433E0532EB1
:1096100094E0950D802F8F708A3008F07EC0805DB9
:10962000F601E90FF11D828724E0169507952A952A
:10963000E1F79150591670F3F601E50DF11D3286F0
:10964000C7010E94072461E0C7010E94FB2A00971E
:1096500009F065C0D70111968C9181111CCE0FEFD6
:10966000070DA00EB11C80E2F701DE0111960190FA
:109670000D928A95E1F74601FAE08F0E911CC40124
:109680000E948A18582ED6018D919C91119713969D
:109690009C938E93129711E0712C402E689446F89B
:1096A0008FE0382EB501011708F467C0611B7109FE
:1096B000CE0101960E944C2BFC01892B09F4EBCDC5
:1096C000AF81B88590968C919097816090968C939D
:1096D000842D0113812F8083338614865586138E43
:1096E000128ED60114964D915C9160E0D6011296CF
:1096F0002D913C9113972417350731F5772081F18F
:1097000073942FEF3FEF653080F5328321836F5FD5
:1097100032966D3059F71F5FC5CF895C81CFFC0150
:109720002081222309F49BCF238523FD8CCF4BE09E
:1097300050E0BC01C4010E942B82892B09F083CF29
:109740004A9441105CCFA7CDC901019613969C9312
:109750008E931297D9012C91022E000C330BD3CF8C
:1097600030E020E077247394CECF6B3018F435834B
:109770002483CDCF37832683CACFC7010E944C2BC9
:10978000009709F488CD20E2FC0111922A95E9F7AF
:109790002BE0F401DC0101900D922A95E1F7D6014E
:1097A00019962C912871FC01248721E238E5318B30
:1097B000208B318F208F338B228BAAA1BBA1909657
:1097C0008C919097816090968C93B5CE2F923F921A
:1097D0004F925F926F927F928F929F92AF92BF92C1
:1097E000CF92DF92EF92FF920F931F93CF93DF936D
:1097F000CDB7DEB7E6970FB6F894DEBF0FBECDBF8C
:109800007C018B014A01522E19821A821B82DC01D3
:109810008C91882311F080E07EC0FB018081807DE7
:10982000D1F3DA018C91FA018F3209F468C01E017C
:10983000B6E32B0E311C6401F60121912EAB2032D0
:1098400009F48CC0DAA2C9A218A61FA2ADA0BEA0BE
:10985000C601712C612CDC014D904D01442019F0A2
:10986000BFE24B127DC078A66FA2BEA2ADA221E0DE
:10987000621A71083FEF6316710468F64C01DC014F
:109880007C900196B0E27B16C9F3EFE27E16B1F34D
:10989000FE01BB969F0140E24193E215F305D9F723
:1098A00051E08EA98E3209F450E0F601AFEFCA1AEA
:1098B000DA0A80818E32C9F3C5010197E817F907EA
:1098C00020F4DC014C914E32C1F760E047E0D42E29
:1098D000A0E070E0B8E0CB2EEA15FB0508F090C0E0
:1098E00040814E3209F050C08E179F0709F054C0D6
:1098F0004AE0D42EA8E0B0E1CB2E3196EDCF4F0157
:1099000081918F32E1F3F8016681778181111CC06A
:10991000C7010E94EF32E6960FB6F894DEBF0FBE85
:10992000CDBFDF91CF911F910F91FF90EF90DF900E
:10993000CF90BF90AF909F908F907F906F905F90EF
:109940004F903F902F900895CE0101960E94EF32E4
:109950008E010F5F1F4F81116ACF5DCF6F016CCFFA
:1099600047FC59CF842D0E94D221811154CFC401CC
:109970008C199D09EEE24E1629F0F0E24F1611F017
:1099800054013C01C40167CF4232A1F04C3791F041
:10999000B5EAB40FB33070F0B6EDB40FB63010F4D2
:1099A0004D3241F4B6ECB40FB63020F0BFEDB40F39
:1099B000BE3530F0407C403809F067C050E09DCFA4
:1099C000DA1648F4BAE0DB16D1F08E179F07B8F02C
:1099D000FC013197F3CFBFE9B40FBA3108F05AC098
:1099E00040526C29662463946A0EA20FB32FB11DF6
:1099F0004C9346E0461508F069A6A62D7ECF50E0B0
:109A00008BA5803209F407CF552319F1762309F08D
:109A100062E06AA7772081F120E0AE014F5D5F4FE1
:109A2000B801C7010E942A49882309F4F4CE80E2D4
:109A3000F701DE01119601900D928A95E1F7C701B9
:109A40000E94A81AF701108212828E010F5F1F4F29
:109A5000F2CE81E08AA789A590E0280F391F4EE752
:109A6000D9014C93ECE2F0E0EC0FFD1F8E0F9F1F2D
:109A700021E3DC012C93CECF252DAE014F5D5F4F4E
:109A8000B801C7010E942A4946CF50E04FE5DA16D7
:109A900008F498CFBFEBB40FBA3108F0A3CF7C29FC
:109AA000A1CFDF92EF92FF920F931F93CF93DF939B
:109AB0006115710549F480E0DF91CF911F910F91FD
:109AC000FF90EF90DF900895D22E7A018B01EC0188
:109AD0000E94AB20F801E05AFD4F60817181611551
:109AE000710599F0188219821A82D9ABC8AB655DED
:109AF0007D4F2D2DA701CE010E94E64B882311F04A
:109B000081E0DACF19AA18AAD7CFF801EE59FD4F94
:109B1000608171816115710571F21CA61DA61EA6DA
:109B2000DBABCAAB615D7D4F2D2DA701CE010E943D
:109B3000D3388111E5CF1BAA1AAABECF8F929F926C
:109B4000AF92BF92CF92DF92EF92FF920F931F934B
:109B5000CF93DF93CDB7DEB7C054D1090FB6F894D9
:109B6000DEBF0FBECDBFE091CD05EE2399F1890197
:109B70004A015B017C0181E39FE00E9475238823F9
:109B800021F081E39FE00E94AB20CE0101960E946C
:109B9000612320E0A70165E67FE0CE010D960E94DB
:109BA000514DBE016F5F7F4F85E29FE00E94C3224F
:109BB000CE0101960E9446239401A50160E070E069
:109BC00080E090E00E940A1F811107C081E39FE0BE
:109BD0000E94AB2010E000E00CC0A8016CEA78E025
:109BE00081E39FE00E94F82D8C0181E39FE00E94B9
:109BF000AB20C801C05CDF4F0FB6F894DEBF0FBECC
:109C0000CDBFDF91CF911F910F91FF90EF90DF902B
:109C1000CF90BF90AF909F908F900895AF92BF92DA
:109C2000CF92DF92EF92FF920F931F93CF93DF9328
:109C3000CDB7DEB7C654D1090FB6F894DEBF0FBE5C
:109C4000CDBF8C01CE018F5B9F4F0E94D143780125
:109C500080EFE81A8EEFF80AC7010E94AB20F801E6
:109C6000EE5FFE4FC080D1802396AEACBFAC239791
:109C7000CE0101960E94612320E0A501B601CE012C
:109C80000D960E94514DBE016F5F7F4FC8018C5FE2
:109C90009E4F0E94C322CE0101960E944623C70117
:109CA0000E947523F82ECE018F5B9F4F0E94444483
:109CB000FF2031F040E050E0BA01C8010E94954415
:109CC0008F2DCA5BDF4F0FB6F894DEBF0FBECDBF3E
:109CD000DF91CF911F910F91FF90EF90DF90CF9088
:109CE000BF90AF9008950F931F93CF93DF9300D051
:109CF00000D0CDB7DEB78C01BC016D5E7D4FCE01CB
:109D000001960E94D143BE016F5F7F4FC801079645
:109D10000E940E4ECE0101960E94444426960FB634
:109D2000F894DEBF0FBECDBFDF91CF911F910F9191
:109D300008954F925F926F927F928F929F92AF920F
:109D4000BF92CF92DF92EF92FF920F931F93CF9328
:109D5000DF93CDB7DEB7CF54D1090FB6F894DEBF8D
:109D60000FBECDBFAB01FC01E05AFD4F6081718198
:109D70006115710509F492C018AA19AA1AAA655D9D
:109D80007D4F21E0CE01C0960E94E64B182F88231C
:109D900009F46BC019821A821B828AA981FF13C041
:109DA00060964CAD5DAD6EAD7FAD609741155105D0
:109DB0006105710551F461E0CE01C0960E946819F9
:109DC0008C01009749F410E050C08EA99FA90E9411
:109DD00037188111F0CFF7CF0E948A18D82E85EE60
:109DE000F801808318AA1AAA8EA99FA90E94961A20
:109DF000182F882341F38BA98823B9F1BE01605D38
:109E00007F4FCE0101960E940A338823E1F2EE24AF
:109E1000E394F12C05EE8BA98E15A8F26CA97DA90F
:109E20006E197F09CE0101960E944C2BFC01892BF3
:109E300051F283858F3039F63081832F8F71E8128C
:109E4000C2CF8585D812BFCF00838EA99FA9FC0100
:109E500020A1216020A3FFEFEF1AFF0A36FFDBCF1E
:109E60000E94961A882309F4AECF812FC15BDF4F81
:109E70000FB6F894DEBF0FBECDBFDF91CF911F911B
:109E80000F91FF90EF90DF90CF90BF90AF909F9099
:109E90008F907F906F905F904F9008958E599D4F57
:109EA000FC01608171816115710509F48CCF1DA6DB
:109EB0001EA61FA6615D7D4F21E0CE0101960E9486
:109EC000D338882309F47FCF8FA581FF7CCF4D8CB9
:109ED0005E8C6F8C78A0411451046104710499F474
:109EE00010E08CA58117D8F141E0612FCE010196D9
:109EF0000E942F1F009709F466CFFC0120812F7765
:109F000020831F5FEECFE9A1FAA186FF22C0298539
:109F10003A854B855C856D857E858F859889AFEF09
:109F20000E940281DF01A25DBD4F0C91075F0E947C
:109F3000DE8049019A0184010F5F1F4F2F4F3F4F71
:109F4000E12CB301A201CF010E94DA1B8111C8CF1D
:109F50003ACFB301A201CF010E94961CF7CF1DA6F4
:109F60001FA689A19AA10E94AD1D182F81117DCF36
:109F70002ACFCF93DF93CDB7DEB7AF970FB6F89464
:109F8000DEBF0FBECDBFAB01FC01E05AFD4F6081CB
:109F900071816115710599F019821A821B82655DC4
:109FA0007D4F20E0CE0101960E94E64BAF960FB6A2
:109FB000F894DEBF0FBECDBFDF91CF9108958E59CB
:109FC0009D4FFC016081718180E06115710571F325
:109FD0001DA61EA61FA6615D7D4F20E0CE01019645
:109FE0000E94D338E3CFCF92DF92EF92FF920F938C
:109FF0001F93CF93DF93CDB7DEB7C054D1090FB60F
:10A00000F894DEBF0FBECDBF2091CD05211115C044
:10A01000C12CD12C7601C701B601C05CDF4F0FB651
:10A02000F894DEBF0FBECDBFDF91CF911F910F918E
:10A03000FF90EF90DF90CF9008958C01BC0185E6F2
:10A040009FE00E94B94F882319F381E39FE00E94AB
:10A050007523882321F081E39FE00E94AB20CE018D
:10A0600001960E94612326E1A80165E67FE0CE010A
:10A070000D960E94514DBE016F5F7F4F85E29FE0BC
:10A080000E94C322CE0101960E944623E091610FF7
:10A09000F091620F309759F0008D118D228D338D24
:10A0A0006801790181E39FE00E94AB20B4CFE09189
:10A0B000630FF091640F309729F00089118922898C
:10A0C0003389EECF00E010E020E030E0E9CF4F929E
:10A0D0005F926F927F928F929F92AF92BF92CF9238
:10A0E000DF92EF92FF920F931F93CF93DF93CDB741
:10A0F000DEB7C454D1090FB6F894DEBF0FBECDBF92
:10A100003091CD0531111BC060E070E0CB01CC5B1C
:10A11000DF4F0FB6F894DEBF0FBECDBFDF91CF91FA
:10A120001F910F91FF90EF90DF90CF90BF90AF9075
:10A130009F908F907F906F905F904F900895D22E58
:10A140002A013B014C0181E39FE00E947523882393
:10A1500021F081E39FE00E94AB209BE0E92EF12CEF
:10A1600000E014E0C8010E94AA7B5C01009739F46A
:10A170001695079581E0E81AF108A1F7C5CFA80167
:10A1800070E060E00E944182CE0101960E9461234E
:10A1900026E1A40165E67FE0CE010D960E94514DB7
:10A1A000BE016F5F7F4F85E29FE00E94C322CE0118
:10A1B00001960E94462391E0D9123DC0E091610FC3
:10A1C000F091620F309739F1C08CD18CE28CF38C16
:10A1D000A701960169017A01C801B0E0A0E02596C7
:10A1E0008CAF9DAFAEAFBFAF2597C414D504E604C6
:10A1F000F70428F5A801B50181E39FE00E94202E15
:10A2000025968CAD9DADAEADBFAD2597C80ED91EC0
:10A21000EA1EFB1EEACFE091630FF091640F3097C6
:10A2200029F02089318942895389D4CF20E030E058
:10A2300040E050E0CFCFC12CD12C7601CDCFC5016D
:10A240000E94467CE090610FF090620FE114F104EF
:10A2500009F473C0B301A201C7010E9498188823B2
:10A26000D9F1D70112968C91129781FF35C05C9677
:10A270008D919D910D90BC91A02D0097A105B105E8
:10A2800059F1F70144855585668577854115510556
:10A290006105710549F119821A821B821C829E0197
:10A2A0002F5F3F4F868197810E94BC1787FD14C0A6
:10A2B000882311F1D7011C964D915D916D917C9190
:10A2C0001F970FEF1FEF2FEF3FE016968D919C9198
:10A2D0000E944F17811110C081E39FE00E94AB20C4
:10A2E000C4010E94F34F13CF89839A83AB83BC834D
:10A2F000148E158E168E178E49815A816B817C8142
:10A30000411551056105710541F0D70116968D91F2
:10A310009C910E9437188823F9F2F701808991896E
:10A32000A289B389808F918FA28FB38F8281806839
:10A330008283C7010E94A81ACFCFE090630FF090EC
:10A34000640FE114F10441F28201930140E050E016
:10A3500060E070E0C7010E94C01D882309F4BCCFF3
:10A36000C7010E94D120B8CFCF92DF92EF92FF9227
:10A370000F931F93CF93DF93811181E0082F10E09B
:10A380008FE591E0089F6001099FD00C189FD00CC9
:10A39000112496012E5D384F79016115710539F050
:10A3A000C9010E946F82F601ED5BF84F10828FE5C4
:10A3B00091E0089FE001099FD00D189FD00D112456
:10A3C000C153DA4FFE01EA58FE4F8091E1058083C8
:10A3D00031968091E205808331968091E5059091D8
:10A3E000E6059183808332968091E7059091E80598
:10A3F000A091E905B091EA0580839183A283B3839C
:10A40000F601E251FA4F84E391E0DF019C011D92D5
:10A4100021503040E1F768E674E0C7010E944882AD
:10A42000892B21F5FE01ED58FE4F1082CB58DE4FEF
:10A4300081E09091E305923009F080E088838FE518
:10A4400091E0089FF001099FF00D189FF00D112475
:10A45000ED5BF84F81E08083C701DF91CF911F91C1
:10A460000F91FF90EF90DF90CF900895C7010E9469
:10A47000F34F2091E3052230E8F561157105810560
:10A48000910541F421E040E059EE63E070E0C7013E
:10A490000E94675041E0611539EE730733E083078E
:10A4A000910569F0611552ED750757E08507910533
:10A4B00029F441E02091E305223009F040E0EFE586
:10A4C000F1E00E9F90010F9F300D1E9F300D112463
:10A4D00021533A4FF901ED58FE4F40832B583E4F20
:10A4E00041E06115724D8740910509F040E0F901A6
:10A4F0004083B2CF223071F6611571058105910557
:10A5000049F621E040E052ED67E070E0C0CF70E036
:10A5100060E00C94B4510F931F93CF93DF93CDB7AA
:10A52000DEB72C970FB6F894DEBF0FBECDBF40E06C
:10A5300060E08DE09FE00E94DC2880E00E9487526E
:10A540009F938F938DE694E09F938F930DE01FE090
:10A550001F930F930E94672980E00E948752BC01DD
:10A56000CE0107960E94DA4362E774E0CE010196BD
:10A570000E94DA43BE01695F7F4FCE0101960E94BF
:10A580008643BC0187E09FE00E94BA43CE0101965A
:10A590000E944444CE0107960E94444441E060E09A
:10A5A000C8010E94DC2881E00E9487529F938F930C
:10A5B00087E794E09F938F931F930F930E946729DF
:10A5C00081E00E948752BC01CE0107960E94DA43C7
:10A5D0006CE774E0CE0101960E94DA43BE01695F28
:10A5E0007F4FCE0101960E948643BC0182EE9CE023
:10A5F0000E94BA43CE0101960E944444CE010796C0
:10A600000E9444440FB6F894DEBF0FBECDBF2C9617
:10A610000FB6F894DEBF0FBECDBFDF91CF911F9173
:10A620000F9108950E948B5290E080E00895CF939F
:10A63000DF93EB016EE270E00E949382009731F0AD
:10A64000BE010E94488221E0892B09F020E0822F80
:10A65000DF91CF9108955F9A80910405882331F0AE
:10A6600062E070E085E095E00E94F17C649BF4CFAD
:10A670005F980895F89461115F9820910B012F7DE8
:10A6800020930B0120910B01286020930B01000007
:10A690000000000087FFECC0000020910B01206843
:10A6A00020930B01000000000000000020910B012E
:10A6B000206220930B0100000000000000002091A8
:10A6C0000B012F7D20930B019C01332786FFD8C0FF
:10A6D000000080910B01806880930B010000000056
:10A6E0000000000080910B01806280930B0100004C
:10A6F00000000000000080910B018F7D80930B0112
:10A7000025FFC6C0000080910B01806880930B017B
:10A71000000000000000000080910B018062809327
:10A720000B01000000000000000080910B018F7DF4
:10A7300080930B0124FFB4C0000080910B0180685E
:10A7400080930B01000000000000000080910B01CD
:10A75000806280930B0100000000000000008091E7
:10A760000B018F7D80930B0123FFA2C0000080911D
:10A770000B01806880930B010000000000000000C6
:10A7800080910B01806280930B01000000000000AB
:10A79000000080910B018F7D80930B0122FF90C000
:10A7A000000080910B01806880930B010000000085
:10A7B0000000000080910B01806280930B0100007B
:10A7C00000000000000080910B018F7D80930B0141
:10A7D00021FF7EC0000080910B01806880930B01F7
:10A7E000000000000000000080910B018062809357
:10A7F0000B01000000000000000080910B018F7D24
:10A8000080930B0120FF6CC0000080910B018068D9
:10A8100080930B01000000000000000080910B01FC
:10A82000806280930B010000000000000000809116
:10A830000B018F7D80930B010000000000008091D0
:10A840000B018F7780930B01789461110E942B5339
:10A8500080910B01877F80930B01809104058823F1
:10A8600009F446C066E070E085E095E00E94F17C66
:10A8700020910B012F7720930B010000000012CFD5
:10A8800080910B018F7780930B010000000026CF91
:10A8900080910B018F7780930B010000000038CF6F
:10A8A00080910B018F7780930B01000000004ACF4D
:10A8B00080910B018F7780930B01000000005CCF2B
:10A8C00080910B018F7780930B01000000006ECF09
:10A8D00080910B018F7780930B010000000080CFE7
:10A8E00080910B018F7780930B010000000092CFC5
:10A8F0000895F89461115F9820910B012F7D2093AA
:10A900000B0120910B01286020930B010000000037
:10A91000000093FF52C1000020910B01206820939A
:10A920000B01000000000000000020910B012062DC
:10A9300020930B01000000000000000020910B019B
:10A940002F7D20930B0192FF40C1000020910B014D
:10A95000206820930B0100000000000000002091FF
:10A960000B01206220930B0100000000000000009A
:10A9700020910B012F7D20930B0191FF2EC1000030
:10A9800020910B01206820930B01000000000000C3
:10A99000000020910B01206220930B0100000000B9
:10A9A0000000000020910B012F7D20930B0190FFF0
:10A9B0001CC1000020910B01206820930B010000B6
:10A9C00000000000000020910B01206220930B0189
:10A9D000000000000000000020910B012F7D20935B
:10A9E0000B0187FF0AC1000020910B012068209312
:10A9F0000B01000000000000000020910B0120620C
:10AA000020930B01000000000000000020910B01CA
:10AA10002F7D20930B0186FFF8C0000020910B01D1
:10AA2000206820930B01000000000000000020912E
:10AA30000B01206220930B010000000000000000C9
:10AA400020910B012F7D20930B0185FFE6C00000B4
:10AA500020910B01206820930B01000000000000F2
:10AA6000000020910B01206220930B0100000000E8
:10AA70000000000020910B012F7D20930B0184FF2B
:10AA8000D4C0000020910B01206820930B0100002E
:10AA900000000000000020910B01206220930B01B8
:10AAA000000000000000000020910B012F7D20938A
:10AAB0000B0183FFC2C0000020910B01206820938E
:10AAC0000B01000000000000000020910B0120623B
:10AAD00020930B01000000000000000020910B01FA
:10AAE0002F7D20930B0182FFB0C0000020910B014D
:10AAF000206820930B01000000000000000020915E
:10AB00000B01206220930B010000000000000000F8
:10AB100020910B012F7D20930B0181FF9EC000002F
:10AB200020910B01206820930B0100000000000021
:10AB3000000090910B01906290930B0100000000C7
:10AB40000000000090910B019F7D90930B0180FF0E
:10AB50008CC0000080910B01806880930B01000085
:10AB600000000000000080910B01806280930B01C7
:10AB7000000000000000000080910B018F7D809399
:10AB80000B0100000000000080910B018F77809383
:10AB90000B01789461110E942B5380910B01877FE8
:10ABA00080930B0180910405882309F466C065E059
:10ABB00070E085E095E00E94F17C20910B012F77F9
:10ABC00020930B0100000000ACCE20910B012F77E9
:10ABD00020930B0100000000BECE20910B012F77C7
:10ABE00020930B0100000000D0CE20910B012F77A5
:10ABF00020930B0100000000E2CE20910B012F7783
:10AC000020930B0100000000F4CE20910B012F7760
:10AC100020930B010000000006CF20910B012F773D
:10AC200020930B010000000018CF20910B012F771B
:10AC300020930B01000000002ACF20910B012F77F9
:10AC400020930B01000000003CCF20910B012F77D7
:10AC500020930B01000000004ECF20910B012F77B5
:10AC600020930B010000000060CF80910B018F77D3
:10AC700080930B010000000072CF089590910B01AA
:10AC8000977F90930B01A19890910B019F779093E0
:10AC90000B01419890910B019F7D90930B018111C5
:10ACA0000E942B53F894379BB9C0000080E8000045
:10ACB00000000000000090910B01906290930B0146
:10ACC000000000000000000090910B019F7D909318
:10ACD0000B01379BA7C0000080640000000000004B
:10ACE000000090910B01906290930B010000000016
:10ACF0000000000090910B019F7D90930B01379B0A
:10AD000094C00000806200000000000000009091EC
:10AD10000B01906290930B01000000000000000006
:10AD200090910B019F7D90930B01379B81C0000098
:10AD30008061000000000000000090910B01906213
:10AD400090930B01000000000000000090910B01A7
:10AD50009F7D90930B01379B6EC0000088600000C0
:10AD600000000000000090910B01906290930B0195
:10AD7000000000000000000090910B019F7D909367
:10AD80000B01379B5BC000008460000000000000E6
:10AD9000000090910B01906290930B010000000065
:10ADA0000000000090910B019F7D90930B01379B59
:10ADB00048C0000082600000000000000000909188
:10ADC0000B01906290930B01000000000000000056
:10ADD00090910B019F7D90930B01379B35C0000034
:10ADE0008160000000000000000090910B01906263
:10ADF00090930B01000000000000000090910B01F7
:10AE00009F7D90930B017894909104059923F9F01C
:10AE100064E070E085E095E00E94F17C00000000B5
:10AE200080E045CF0000000058CF000000006BCF4D
:10AE3000000000007ECF0000000091CF0000000065
:10AE4000A4CF00000000B7CF00000000CACF90E000
:10AE5000089590910B01977F90930B01A198909189
:10AE60000B019F7790930B01419890910B019F7D6F
:10AE700090930B0181110E942B53F894379B13C1BF
:10AE8000000080E098E00000000000000000209139
:10AE90000B01206220930B01000000000000000065
:10AEA00020910B012F7D20930B01379B01C10000E6
:10AEB0009460000000000000000020910B0120625F
:10AEC00020930B01000000000000000020910B0106
:10AED0002F7D20930B01379BEEC000009260000095
:10AEE00000000000000020910B01206220930B0164
:10AEF000000000000000000020910B012F7D209336
:10AF00000B01379BDBC000009160000000000000D7
:10AF1000000020910B01206220930B010000000033
:10AF20000000000020910B012F7D20930B01379B27
:10AF3000C8C00000806800000000000000002091F0
:10AF40000B01206220930B010000000000000000B4
:10AF500020910B012F7D20930B01379BB5C0000082
:10AF60008064000000000000000020910B012062BE
:10AF700020930B01000000000000000020910B0155
:10AF80002F7D20930B01379BA2C000008062000040
:10AF900000000000000020910B01206220930B01B3
:10AFA000000000000000000020910B012F7D209385
:10AFB0000B01379B8FC00000806100000000000083
:10AFC000000020910B01206220930B010000000083
:10AFD0000000000020910B012F7D20930B01379B77
:10AFE0007CC000008860000000000000000020918C
:10AFF0000B01206220930B01000000000000000004
:10B0000020910B012F7D20930B01379B69C000001D
:10B010008460000000000000000020910B0120620D
:10B0200020930B01000000000000000020910B01A4
:10B030002F7D20930B01379B56C0000082600000DB
:10B0400000000000000020910B01206220930B0102
:10B05000000000000000000020910B012F7D2093D4
:10B060000B01379B43C0000081600000000000001E
:10B07000000020910B01206220930B0100000000D2
:10B080000000000020910B012F7D20930B0178948C
:10B0900020910405222309F42CC063E070E085E0D0
:10B0A00095E00E94F17C0000000090E080E0EBCE93
:10B0B00000000000FECE0000000011CF00000000E4
:10B0C00024CF0000000037CF000000004ACF00006E
:10B0D00000005DCF0000000070CF0000000083CFB3
:10B0E0000000000096CF00000000A9CF0000000083
:10B0F000BCCF089581E006990C9429570C943E56D4
:10B10000CF93DF932091E405222309F457C0CAEFBF
:10B11000D0E0823071F028F4813001F1C4EFD1E049
:10B1200008C0CAE0D0E0833021F0C0E1D7E284302B
:10B13000A9F7213031F4CE016AE070E00E942B8043
:10B14000EB0180910405C630D10588F1882339F1DF
:10B150006AE070E085E095E00E94F17C8091E10575
:10B160009091DF054FE551E0949FF001959FF00D20
:10B170001124EB5BF84F9081C4E1D0E08917C9F24C
:10B18000891B990B97FF03C09195819591093AE02E
:10B19000389FE001399FD00D1124A896CACF65E0F1
:10B1A00070E080E090E00E94CA0C2597CACF811120
:10B1B000CFCFBE0190E080E00E94CA0C80910405D0
:10B1C0008111C6CFDF91CF9108958F929F92AF9258
:10B1D000BF92CF92DF92EF92FF920F931F93CF9384
:10B1E000DF93CDB7DEB72C970FB6F894DEBF0FBE56
:10B1F000CDBF8C016B012130310509F4A2C0223092
:10B20000310509F02FC1DB012C9112160CF099C009
:10B210007C01B7E0EB0EF11C022E000C330B215029
:10B220003109032E000C440B550BB701CE010796D4
:10B230000E94F04665E574E0CE0101960E94DA4373
:10B240002B853C854D815E812417350798F08F81D1
:10B250009885009779F069817A816115710551F0BF
:10B26000241B350B820F931F0E946682BB24B3946C
:10B27000892B09F0B12CCE0101960E94444448016B
:10B28000EDEE8E1AEDEF9E0ABB2099F14B855C85A1
:10B290006F817885C4010E944843B401CE010196B4
:10B2A0000E94D143BE016F5F7F4FC7010E940E4EC7
:10B2B000CE0101960E94444481E0D80116968C93F9
:10B2C000F6011082CE0107960E9444442C960FB6D8
:10B2D000F894DEBF0FBECDBFDF91CF911F910F91CC
:10B2E000FF90EF90DF90CF90BF90AF909F908F90A6
:10B2F0000895BE01695F7F4FC801815E9D4F0E9426
:10B30000BA43B401C801875E9D4F0E94BA43D6017B
:10B310001396ED91FC91278184819581B5E02B02F4
:10B32000800D911D1124FC01408162E070E00E94BB
:10B33000180D21E030E04FEFB601C8010E94AC25A6
:10B34000C1CF7801FDEEEF1AFDEFFF0A65E574E06D
:10B35000C7010E94034321E030E04FEF811182C01A
:10B36000480139EE831A3DEF930AD401AD90BC90A9
:10B37000B2E0AB1AB10865E574E0CE0101960E9417
:10B38000DA43A501BE016F5F7F4FC7010E94B5423E
:10B39000B82ECE0101960E944444F40120813181EF
:10B3A0002150310941E04B0D042E000C550BB70123
:10B3B000CE0101960E94EF43D4018D909C90B2E0A3
:10B3C0008B1A910865E574E0CE0107960E94DA4376
:10B3D000A401BE01695F7F4FC7010E94B54201967B
:10B3E000F701248135818217930758F40190F08189
:10B3F000E02DE80FF91FD70115969C938E931497B3
:10B400001082CE0107960E9444445801B7E0AB0E6B
:10B41000B11CB701CE0107960E94D143BE01695FFE
:10B420007F4FC5010E940E4ECE0107960E944444F4
:10B4300081E0F8018683BE016F5F7F4FCE010796E2
:10B440000E94D143BE01695F7F4FC5010E94AB4599
:10B450006F5FD6016C93CE0107960E944444CE01E3
:10B46000019632CFB601C8010E94AC252FCFEF92D2
:10B47000FF920F931F93CF93DF93CDB7DEB7C055E5
:10B48000D1090FB6F894DEBF0FBECDBF6C96EEACFF
:10B49000FFAC6C979E01225A3F4F6E964EAD5FAD4A
:10B4A0006E9760E570E0CE0101960E94167D8E01D8
:10B4B0000F5F1F4FD8018D918D018823B9F08A301D
:10B4C00049F4D701ED91FC910190F081E02D6DE000
:10B4D000C7011995D701ED91FC910190F081E02D04
:10B4E000D80111976C91C7011995E4CFC05BDF4F6C
:10B4F0000FB6F894DEBF0FBECDBFDF91CF911F9185
:10B500000F91FF90EF9008950F931F93CF93DF93C8
:10B51000CDB7DEB7C058D1090FB6F894DEBF0FBE65
:10B52000CDBF8E010F5B1F4FC8010E94612360E6F3
:10B5300072E085E69FE00E94B94F882331F060E613
:10B5400072E085E69FE00E94994E80E692E09F932C
:10B550008F9385E094E19F938F938CEA99E09F937A
:10B560008F930E94375ACE0101960E94612326E1F3
:10B5700040E652E065E67FE0CE010D960E94514D17
:10B58000BE016F5F7F4FC8010E94C322CE010196AA
:10B590000E94462380E00E9487529F938F931F92C0
:10B5A0001F928EEF93E19F938F931F930F930E94AF
:10B5B000375A0FB6F894DEBF0FBECDBF8091430758
:10B5C000813009F479C089E51F921F921F928F93F1
:10B5D00087EF93E19F938F931F930F930E94375AA6
:10B5E00081E00E9487529F938F931F9281E08F93F7
:10B5F0008EEF93E19F938F931F930F930E94375A7F
:10B600000FB6F894DEBF0FBECDBF8091A208813087
:10B6100009F454C089E51F9291E09F931F928F9384
:10B6200087EF93E19F938F931F930F930E94375A55
:10B630008091CE051F928F9381EF93E19F938F931B
:10B640001F930F930E94375A8091E3051F928F93A7
:10B650008BEE93E19F938F931F930F930E94375A22
:10B660008091E4051F928F9385EE93E19F938F93D2
:10B670001F930F930E94375A82EE93E19F938F930B
:10B680001F930F930E94375AC8010C960E94AB205B
:10B69000C8010E9446230FB6F894DEBF0FBECDBF8F
:10B6A000C058DF4F0FB6F894DEBF0FBECDBFDF919D
:10B6B000CF911F910F9108958EE486CF8EE4ABCF8A
:10B6C0000E94845A81E090E008958091CE058823FD
:10B6D00001F18091DA058F938091D9058F93809144
:10B6E000ED058F938091EC058F938DEF92E09F9302
:10B6F0008F9380911E058F9380911D058F930E94DB
:10B70000375A8DB79EB708960FB6F8949EBF0FBEF6
:10B710008DBF5F9880910B01886080930B018091B1
:10B72000D9059091DA05029907C0A19A60E00E94BC
:10B7300079545F9A5F98089560E006990C94795463
:10B740000C943A538F929F92AF92BF92CF92DF9216
:10B75000EF92FF92F82E61E08AE30E943B0C60E0DA
:10B760008CE30E943B0C60E08BE30E943B0CFF20CB
:10B7700009F44EC060E088E10E94690C60E08EE14F
:10B780000E94690C60E08CE10E94690C60E083E03B
:10B790000E94690C60E082E00E94690C61E086E230
:10B7A0000E94690C61E08AE20E94690C61E08CE20F
:10B7B0000E94690C61E084E20E94690C61E080E310
:10B7C0000E94690C61E088E20E94690C61E08EE2EF
:10B7D0000E94690C1092040581E292E29093530258
:10B7E0008093520280916A008C6080936A00ED9A87
:10B7F0001092CF051092D0051092D1051092D2056B
:10B800001092D3051092D4051092D5051092D6054A
:10B8100080910B01877F80930B0180910B018D7FBD
:10B8200080930B01A19880910B018F7780930B017E
:10B83000419880910B018F7D80930B015F98FF20D1
:10B8400081F080910B01826080930B0164E670E0CF
:10B8500080E090E00E94CA0C80910B018D7F809364
:10B860000B010E94FD0C4B015C018091CE058823E9
:10B87000D9F0E0901D05D0901E050E94FD0C9F930D
:10B880008F937F936F9387E393E09F938F93DF92E0
:10B89000EF920E94375A2DB73EB7285F3F4F0FB641
:10B8A000F8943EBF0FBE2DBF80910405811102C0E8
:10B8B000659B0EC00E94FD0C681979098A099B09D5
:10B8C000693E73408105910518F410920405ECCF90
:10B8D0008091CE05882301F1E0901D05D0901E05D2
:10B8E0000E94FD0C6599E5C023E134E09F938F939E
:10B8F0007F936F933F932F9387E193E09F938F9371
:10B90000DF92EF920E94375A8DB79EB70A960FB614
:10B91000F8949EBF0FBE8DBF90911F059093E305D5
:10B9200088E08093EB0528E432E03093ED05209326
:10B93000EC0581E0923009F080E08093E005109200
:10B94000D8051092D7051092DA051092D9051092F9
:10B95000DE051092E1051092E2051092DD051092CD
:10B96000DC051092DB051092E6051092E5051092B9
:10B97000E7051092E8051092E9051092EA05109289
:10B98000DF051092E405FF2091F01F921F9286E8D8
:10B9900094E09F938F9382E297E09F938F930E940E
:10B9A000B8820F900F900F900F900F900F9080E043
:10B9B0000E948752FF2099F01F9281E08F9386E8C2
:10B9C00094E09F938F9381E898E09F938F930E94D8
:10B9D000B8820F900F900F900F900F900F9081E012
:10B9E0000E948752ECEAF8E080E091E0DF019C01E0
:10B9F0001D9221503040E1F761E08BE30E943B0C47
:10BA000081E08093E105809345078093E205809370
:10BA100046078091440790E8C92ED12CE12CF12CE7
:10BA200004C0CC0CDD1CEE1CFF1C8A95D2F7D09212
:10BA3000E605C092E505D0924807C0924707A701E6
:10BA4000960144275527AAE1B0E00E940180AB018E
:10BA5000BC014093E7055093E8056093E9057093B6
:10BA6000EA054093490750934A0760934B07709348
:10BA70004C0780914207882329F0960182E297E0E3
:10BA80000E949E4D60E08BE30E943B0C80E00E9490
:10BA900080580E9426220E94655B60E08AE3FF9046
:10BAA000EF90DF90CF90BF90AF909F908F900C94CD
:10BAB0003B0C21E834E01ACF2F923F924F925F92D5
:10BAC0006F927F928F929F92AF92BF92CF92DF92AE
:10BAD000EF92FF920F931F93CF93DF93D82F082FEE
:10BAE000880F110BC8010E9412827C01892B29F456
:10BAF0006D2F8CEA99E00E940D0BC0914805C11191
:10BB00001DC0C8010E941A82892B29F081E0809310
:10BB10004805D0932005DF91CF911F910F91FF90A1
:10BB2000EF90DF90CF90BF90AF909F908F907F90DD
:10BB30006F905F904F903F902F900895EF2809F4F9
:10BB40009FC7D53189F48CE790E19F938F938CEA5E
:10BB500099E09F938F930E94375A109248050F9057
:10BB60000F900F900F90D7CFDD3011F0DA3099F6AB
:10BB7000EC2FF0E0E05EFA4F108260E270E080E2CD
:10BB800095E00E945B82EC01892B09F02196888167
:10BB9000811102C0D0E0C0E08AE790E19F938F93CB
:10BBA0008CEA99E09F938F930E94375A1091200559
:10BBB000812F012E000C990B0E9423820F900F9071
:10BBC0000F900F90FC01F097EA32F10508F04FC793
:10BBD0008827E251F24A8F4F0C947580595E595E66
:10BBE0003765376537653765376537653765376575
:10BBF0003765376537653765376564643765376539
:10BC0000376537653461255FB45F376564641F64E9
:10BC100037653D64D960E36078603765D761376523
:10BC2000AE60185E8961376537656164376543606A
:10BC3000C091430724E0C29FE0011124C15DDC4FA5
:10BC400080E00E948752DF93CF939F938F931F9240
:10BC50001F9267ECE62E6DE0F62EFF92EF920CEA53
:10BC600019E01F930F930E94375AC091A208B4E0C5
:10BC7000CB9FE0011124C15DDC4F81E00E9487521F
:10BC8000DF93CF939F938F931F9281E08F93FF92C7
:10BC9000EF921F930F930E94375A2DB73EB72C5E39
:10BCA0003F4F0FB6F8943EBF0FBE2DBF1092480510
:10BCB00032CF1053209709F4ADC0CE010E94F34F4C
:10BCC0006B017C016CE373E0CE010E941753882363
:10BCD00009F466C0C11439EED30633E0E306F1047B
:10BCE00009F45EC021E040E059EE63E070E0CE016F
:10BCF0000E9467509F938F937F936F93DF93CF93AF
:10BD000088E590E19F938F938CEA99E09F938F93BE
:10BD10000E94375AADB7BEB71A960FB6F894BEBF99
:10BD20000FBEADBFBE01812F0E94B4519F938F9370
:10BD30001F921F938EE190E19F938F930CEA19E07D
:10BD40001F930F930E94375ACE010E94F34FADB755
:10BD5000BEB718960FB6F894BEBF0FBEADBF611543
:10BD600071058105910509F4A1CF6115B9EE7B0735
:10BD7000B3E08B07910509F499CF6115724D8740A7
:10BD8000910509F43FC08DED9FE09F938F931F9322
:10BD90000F930E94375A0F900F900F900F9086CFFD
:10BDA00067E373E0CE010E941753882309F4BACFEA
:10BDB000C114B2EDDB06B7E0EB06F10409F4B2CF33
:10BDC00021E040E052ED67E070E0CE010E94675054
:10BDD0009F938F937F936F93DF93CF9386E390E14D
:10BDE0009F938F938CEA99E09F938F930E94375A89
:10BDF0002DB73EB7265F3F4F0FB6F8943EBF0FBE3C
:10BE00002DBF90CF8091E305823009F44FCF80EBB6
:10BE10009FE0BBCF812F0E9487529F938F931F92E9
:10BE20001F9388E99FE09F938F938CEA99E09F93FB
:10BE30008F930E94375A2DB73EB7285F3F4F0FB6FA
:10BE4000F8943EBF0FBE2DBF31CF209709F42ECFFF
:10BE5000CE010E94F34F6B017C0167E373E0CE01DA
:10BE60000E9417538823C9F0FF92EF92DF92CF927E
:10BE7000DF93CF9384E69FE09F938F938CEA99E0C2
:10BE80009F938F930E94375AADB7BEB71A960FB6DD
:10BE9000F894BEBF0FBEADBF09CFC114B9EEDB062B
:10BEA000B3E0EB06F104E1F41F9283E08F9389EE97
:10BEB0008F931F92DF93CF938BE39FE09F938F939A
:10BEC0008CEA99E09F938F930E94375A2DB73EB723
:10BED000265F3F4F0FB6F8943EBF0FBE2DBFE6CE94
:10BEE00021E040E059EE63E070E0CE01C11439EE8C
:10BEF000D30633E0E306F104D8F40E9467509F9321
:10BF00008F937F936F93DF93CF9383E19FE09F9312
:10BF10008F938CEA99E09F938F930E94375AADB725
:10BF2000BEB71A960FB6F894BEBF0FBEADBFBECE59
:10BF30000E9467509F938F937F936F93DF93CF936C
:10BF40008AEE9EE09F938F938CEA99E09F938F9364
:10BF50000E94375A2DB73EB7265F3F4F0FB6F89471
:10BF60003EBF0FBE2DBFA2CE209709F49FCECE01BB
:10BF70000E94F34F6B017C016CE373E0CE010E94E1
:10BF800017538823C9F0FF92EF92DF92CF92DF938D
:10BF9000CF9386EB9EE09F938F938CEA99E09F93DB
:10BFA0008F930E94375AADB7BEB71A960FB6F89462
:10BFB000BEBF0FBEADBF7ACEC114B2EDDB06B7E097
:10BFC000EB06F104E1F41F9287E08F9382ED8F93EB
:10BFD0001F92DF93CF938DE89EE09F938F938CEA1F
:10BFE00099E09F938F930E94375A2DB73EB7265FF3
:10BFF0003F4F0FB6F8943EBF0FBE2DBF57CE21E086
:10C0000040E052ED67E070E0CE01C11432EDD3069E
:10C0100037E0E306F104D8F40E9467509F938F93B2
:10C020007F936F93DF93CF9385E69EE09F938F93EB
:10C030008CEA99E09F938F930E94375AADB7BEB7B1
:10C040001A960FB6F894BEBF0FBEADBF2FCE0E949A
:10C0500067509F938F937F936F93DF93CF938CE37E
:10C060009EE09F938F938CEA99E09F938F930E9419
:10C07000375A2DB73EB7265F3F4F0FB6F8943EBFF5
:10C080000FBE2DBF13CE209709F410CE8881282F24
:10C09000082E000C330B205331092A30310508F0EB
:10C0A00005CE8053982F09F091E02FE531E0929F63
:10C0B000F001939FF00D1124ED5BF84F10822FE2F9
:10C0C00033E03F932F931F928F9381E29EE09F93E3
:10C0D0008F938CEA99E09F938F930E94375A8DB784
:10C0E0009EB708960FB6F8949EBF0FBE8DBFDECDEB
:10C0F000209709F4DBCD8881282F082E000C330B04
:10C10000205331092A30310508F0D0CD8053982FC3
:10C1100009F091E02FE531E0929FF001939FF00D3F
:10C120001124ED5BF84F91E0908323E333E03F93DC
:10C130002F931F928F9386E09EE09F938F938CEABC
:10C1400099E09F938F930E94375AADB7BEB7189668
:10C150000FB6F894BEBF0FBEADBFA8CD209709F4AF
:10C16000A5CD8091CD05882309F4AAC4BE0185E63A
:10C170009FE00E94B94F882309F4A2C4BE0185E65E
:10C180009FE00E94994E882309F49AC4DF93CF93CD
:10C1900082EF9DE09F938F938CEA99E09F938F931A
:10C1A0000E94375A0F900F900F900F900F900F90A2
:10C1B0007DCD8091CD05882309F478CD8CEA99E076
:10C1C0000E94B73C73CD209751F08881282F082E0C
:10C1D000000C330B205331092A30310500F1209136
:10C1E000E305FAE02F9FC00111248F5E9C4F9F93BF
:10C1F0008F931F922F9386EA9DE09F938F938CEAF3
:10C2000099E09F938F930E94375A2DB73EB7285FCE
:10C210003F4F0FB6F8943EBF0FBE2DBF47CD8053A2
:10C22000833008F082E080931F058093E3059AE055
:10C23000899F900111242F5E3C4F3F932F931F92B3
:10C240008F9385E89DE09F938F938CEA99E09F936D
:10C250008F930E94375AADB7BEB718960FB6F894B1
:10C26000BEBF0FBEADBF22CD209751F08881282FD1
:10C27000082E000C330B205331092A303105F8F019
:10C280002091CE05B8E02B9FC00111248F509D4F07
:10C290009F938F931F922F9388E69DE09F938F9398
:10C2A0008CEA99E09F938F930E94375AEDB7FEB7BF
:10C2B00038960FB6F894FEBF0FBEEDBFF7CC2CEA50
:10C2C00039E030931E0520931D058053843008F01B
:10C2D00083E08093CE05F8E08F9F900111242F50CA
:10C2E0003D4F3F932F931F928F938BE49DE09F933D
:10C2F0008F938CEA99E09F938F930E94375A2DB7C2
:10C300003EB7285F3F4F0FB6F8943EBF0FBE2DBF1C
:10C31000CDCC209751F08881282F082E000C330BAC
:10C32000205331092A303105F8F02091E40539E035
:10C33000239FC00111248A529D4F9F938F931F9278
:10C340002F938DE29DE09F938F938CEA99E09F93CA
:10C350008F930E94375A8DB79EB708960FB6F89400
:10C360009EBF0FBE8DBFA2CC8053833008F082E009
:10C370008093E40599E0899F900111242A523D4F52
:10C380003F932F931F928F938FE09DE09F938F9306
:10C390008CEA99E09F938F930E94375AADB7BEB74E
:10C3A00018960FB6F894BEBF0FBEADBF7FCC87E422
:10C3B00097E09F938F938CEA99E09F938F930E94CD
:10C3C000375A0F900F900F900F90069B2BC28CE066
:10C3D0001F928F9382E397E09F938F938CEA99E06B
:10C3E0009F938F930E94375A0F900F900F900F904A
:10C3F0000F900F90029918C28FE894E09F938F934B
:10C400008EE197E09F938F93CCEAD9E0DF93CF93AF
:10C410000E94375A8CB185FB882780F91F928F9331
:10C420008AE097E09F938F93DF93CF930E94375AD0
:10C430008CB1829581701F928F9386EF96E09F93C7
:10C440008F93DF93CF930E94375A84EF96E09F93A8
:10C450008F93DF93CF930E94375A8091D8058F93A3
:10C460008091D7058F938EED96E09F938F93DF9306
:10C47000CF930E94375A8091DA058F938091D90526
:10C480008F9388EC96E09F938F93DF93CF930E94D6
:10C49000375A8DB79EB782960FB6F8949EBF0FBEDF
:10C4A0008DBF8091DE051F928F9382EB96E09F9364
:10C4B0008F93DF93CF930E94375A8091DD051F92AF
:10C4C0008F938CE996E09F938F93DF93CF930E9495
:10C4D000375A8091DC058F938091DB058F9386E836
:10C4E00096E09F938F93DF93CF930E94375A80916A
:10C4F000E1051F928F9380E796E09F938F93DF93E0
:10C50000CF930E94375A8091E2051F928F938AE55C
:10C5100096E09F938F93DF93CF930E94375A809139
:10C52000EA058F938091E9058F938091E8058F93B9
:10C530008091E7058F9384E496E09F938F93DF9338
:10C54000CF930E94375A2DB73EB72A5D3F4F0FB6A3
:10C55000F8943EBF0FBE2DBF8091E6058F9380916A
:10C56000E5058F938FE296E09F938F93DF93CF93B0
:10C570000E94375AE091E005F0E0EC52FD4F8081D7
:10C58000282F082E000C330B3F938F938BE196E0FE
:10C590009F938F93DF93CF930E94375A8091DF054B
:10C5A0001F928F9387E096E09F938F93DF93CF93B3
:10C5B0000E94375A8091E3051F928F9380EF95E098
:10C5C0009F938F93DF93CF930E94375A8091D20528
:10C5D0008F938091D1058F938091D0058F93809117
:10C5E000CF058F938BED95E09F938F93DF93CF9340
:10C5F0000E94375AADB7BEB790960FB6F894BEBF3B
:10C600000FBEADBF8091D6058F938091D5058F93D6
:10C610008091D4058F938091D3058F9386EC95E01C
:10C620009F938F93DF93CF930E94375A8091E405B5
:10C630001F928F9382EB95E09F938F93DF93CF931D
:10C640000E94375A8091EB051F928F938EE995E0F7
:10C650009F938F93DF93CF930E94375A8091ED057C
:10C660008F938091EC058F938AE895E09F938F9349
:10C67000DF93CF930E94375A02E217E0EDB7FEB77F
:10C680007A960FB6F894FEBF0FBEEDBFF12CE12CE9
:10C6900098E8892E95E0992E21E5A22E25E0B22E6C
:10C6A00037E3632E35E0732E4DE1442E45E0542EE2
:10C6B00051E0252E55E0352E9F928F92DF93CF9338
:10C6C0000E94375ADE2CCF2C1F930F93FF92EF92CC
:10C6D0008CE695E09F938F93DF93CF930E94375A18
:10C6E0002DB73EB7245F3F4F0FB6F8943EBF0FBE45
:10C6F0002DBFD80191968C9181119DC087E51F9225
:10C700008F93CF92DF92BF92AF92DF93CF930E942D
:10C71000375A2DB73EB7285F3F4F0FB6F8943EBF4C
:10C720000FBE2DBFD80190968C91882309F485C047
:10C7300089E51F928F93CF92DF927F926F92DF9362
:10C74000CF930E94375AD8019296EC91F0E0EC52C8
:10C75000FD4F8081282F082E000C330B3F938F93C1
:10C76000CF92DF925F924F92DF93CF930E94375A1E
:10C77000D80193968C911F928F93CF92DF923F9224
:10C780002F92DF93CF930E94375AD80194968C91C1
:10C790001F928F93CF92DF92E5EEF4E0FF93EF9339
:10C7A000DF93CF930E94375AADB7BEB790960FB6BE
:10C7B000F894BEBF0FBEADBFF80182A58F9381A5CF
:10C7C0008F9380A58F9387A18F93CF92DF9229ECCF
:10C7D00034E03F932F93DF93CF930E94375AF801B1
:10C7E00086A18F9385A18F93CF92DF922EEA34E0BA
:10C7F0003F932F93DF93CF930E94375A015A1E4FD6
:10C80000EDB7FEB772960FB6F894FEBF0FBEEDBF40
:10C81000EA94EF2861F48CEA94E09F938F93DF937E
:10C82000CF93B7CA88E0D4CD83E994E0E7CDEE2476
:10C83000E394F12C41CF8FE462CF8EE47ACF8DEF79
:10C840009CE09F938F93CCEAD9E0DF93CF930E9433
:10C85000375A80E00E94A25B8AEE9CE09F938F9300
:10C86000DF93CF930E94375AEDB7FEB738960FB6D5
:10C87000F894FEBF0FBEEDBF19CA89EC9CE09F93F0
:10C880008F93CCEAD9E0DF93CF930E94375A68EEBA
:10C8900073E080E090E00E94CA0CF0E0E0E01995BF
:10C8A0008BEA9CE09F938F93DF93CF930E94375A3C
:10C8B0008DB79EB708960FB6F8949EBF0FBE8DBF7A
:10C8C000F5C90E94845AF2C984E99CE09F938F9332
:10C8D000CCEAD9E0DF93CF930E94375A83E59CE0FE
:10C8E0009F938F93DF93CF930E94375A8FE09CE002
:10C8F0009F938F93DF93CF930E94375A8EEC9BE0E8
:10C900009F938F93DF93CF930E94375A8AE89BE0DF
:10C910009F938F93DF93CF930E94375A81E59BE0DB
:10C920009F938F93DF93CF930E94375A83E29BE0CC
:10C930009F938F93DF93CF930E94375A81EE9AE0B3
:10C940009F938F93DF93CF930E94375AADB7BEB7B3
:10C9500090960FB6F894BEBF0FBEADBF8AEC9AE0BA
:10C960009F938F93DF93CF930E94375A80E99AE089
:10C970009F938F93DF93CF930E94375A89E49AE075
:10C980009F938F93DF93CF930E94375A82E09AE070
:10C990009F938F93DF93CF930E94375A89ED99E04D
:10C9A0009F938F93DF93CF930E94375A80E999E04A
:10C9B0009F938F93DF93CF930E94375A87E499E038
:10C9C0009F938F93DF93CF930E94375A85E199E02D
:10C9D0009F938F93DF93CF930E94375AEDB7FEB7A3
:10C9E000B0960FB6F894FEBF0FBEEDBF8AED98E08B
:10C9F0009F938F93DF93CF930E94375A8BEA98E0EF
:10CA00009F938F93DF93CF930E94375A80E798E0EC
:10CA10009F938F93DF93CF930E94375A83E298E0DE
:10CA20009F938F93DF93CF930E94375A8BED97E0BC
:10CA30009F938F93DF93CF930E94375A85EB97E0B4
:10CA40009F938F93DF93CF930E94375A8DE797E0A0
:10CA50009F938F93DF93CF930E94375AEDB7FEB722
:10CA60007C960FB6F894FEBF0FBEEDBF1FC98AE6D5
:10CA700097E09F938F938CEA99E09F938F9389C956
:10CA8000C8010E94517F892B69F0EC2FF0E0E15E34
:10CA9000FA4F8081082E000C990B0E94517F892B40
:10CAA00009F039C8C63208F036C881E08C0F80938F
:10CAB0004805EC2FF0E0E05EFA4FD0830C948B5DDC
:10CAC00084EE9DE0D6CF2F923F924F925F926F926D
:10CAD0007F928F929F92AF92BF92CF92DF92EF920E
:10CAE000FF920F931F93CF93DF93CDB7DEB7C05460
:10CAF000D1090FB6F894DEBF0FBECDBF5F98EBE053
:10CB0000F1E08081877F8083A19A85E095E00E9493
:10CB1000CF7C8C01892BF9F01092040580E00E94F3
:10CB2000A25BC05CDF4F0FB6F894DEBF0FBECDBF77
:10CB3000DF91CF911F910F91FF90EF90DF90CF90F9
:10CB4000BF90AF909F908F907F906F905F904F902D
:10CB50003F902F9008950E94FD0C6B017C01809105
:10CB60000405882331F061E070E085E095E00E94E3
:10CB7000F17C64996DC60E94FD0C6C197D098E09CB
:10CB80009F096A3171058105910548F3CACF06995D
:10CB900061C680E00E943E562FECE22E25E0F22E88
:10CBA000D70119969C938E93189754968C91823046
:10CBB00009F057C681E00E943E5620E0382FF70169
:10CBC00080859185822B932B918780874AC6EFECD5
:10CBD000F5E081858F9380858F938EE994E09F9314
:10CBE0008F9380911E058F9380911D058F930E94D6
:10CBF000375A0F900F900F900F900F900F9035C6EF
:10CC000090E05AC6AFECB5E05196EC915197F0E048
:10CC1000EC52FD4F8081282F082E000C330B3F93E0
:10CC20008F9350968C9150971F928F935E968C9114
:10CC30005E978F935D968C918F9387E894E09F9396
:10CC40008F9380911E058F9380911D058F930E9475
:10CC5000375A0FB6F894DEBF0FBECDBF39C6029962
:10CC60005EC081E00E943E568093DD058091CE0536
:10CC700081116FC0EFECF5E02685822F90E0880FE0
:10CC8000991F95878487092E000CAA0BBB0B40E8DF
:10CC900050E060E070E0018804C0440F551F661F3B
:10CCA000771F0A94D2F7481759076A077B070CF4D5
:10CCB0006BC0848D813009F040C1F12CE12C5FEC18
:10CCC000C52E55E0D52E64E5462E64E0562E78E458
:10CCD000672E74E0772EE6E42E2EE4E03E2EFEE48E
:10CCE000AF2EF4E0BF2ED6011C968D919C91E816D4
:10CCF000F90608F0F3C006997DC0F701E455F74F37
:10CD0000008110E061E0C8010E943A538091CE0595
:10CD1000823008F095C0FFEFEF1AFF0AE4CF2091B0
:10CD2000E00580E890E0A0E0B0E004C0880F991F23
:10CD3000AA1FBB1F2A95D2F7069909C021E004C09B
:10CD4000B595A795979587952A95D2F78DCF22E02F
:10CD5000F6CFEFECF5E086851F928F93868D8F934B
:10CD6000858D8F9387E794E09F938F9380911E0525
:10CD70008F9380911D058F930E94375A0FB6F894B8
:10CD8000DEBF0FBECDBF76CF8091CE0581111AC018
:10CD9000EFECF5E088E98787828593859460938737
:10CDA0008287EFECF5E084819581A681B7810196B9
:10CDB000A11DB11D84839583A683B783419A61E049
:10CDC0008AE320C41F922F93868D8F93858D8F9336
:10CDD00081E694E09F938F9380911E058F938091BD
:10CDE0001D058F930E94375A0FB6F894DEBF0FBE11
:10CDF000CDBFCECFC701880F991F8E0D9F1D969571
:10CE0000879581539A4FFC01E352FD4F008110E05A
:10CE100082529D4FFC018081E0FE0AC0102F002746
:10CE200000271F70082B61E0C8010E9479546ECF63
:10CE300094E0000F111F9A95E1F782958F70F2CF61
:10CE4000470127E0822299248114910459F08091AE
:10CE50001D0590911E05069B1FC01F930F937F9287
:10CE60006F921EC0FF92EF92D6015E968C915E97F4
:10CE70008F935D968C918F935F924F9280911E0558
:10CE80008F9380911D058F930E94375A0FB6F894A7
:10CE9000DEBF0FBECDBFDBCF1F930F93BF92AF920C
:10CEA0009F938F930E94375A0F900F900F900F907F
:10CEB0000F900F90F7E08F16910409F02CCF3F925E
:10CEC0002F9280911E058F9380911D058F930E9454
:10CED000375A0F900F900F900F901DCF8091CE0575
:10CEE0008230A8F027E0E222FF24EF2881F084E4DA
:10CEF00094E09F938F9380911E058F9380911D05E1
:10CF00008F930E94375A0F900F900F900F901092AE
:10CF1000DD05EFECF5E080819181A281B38101967E
:10CF2000A11DB11D80839183A283B3830E94655BA1
:10CF300060E08CE30E943B0CF4CDD12CC12C10E0BE
:10CF400000E0FFECAF2EF5E0BF2EA7E32A2EA4E011
:10CF50003A2EBBE24B2EB4E05B2E81E3682E84E0D8
:10CF6000782ED5011C968D919C910817190708F011
:10CF700094C081E0069912C00E943E567C01F801DF
:10CF8000E455F74F80836801BFEFCB1ADB0A80912D
:10CF9000CE058230A8F50F5F1F4FE3CF0E942957BF
:10CFA0007C01C801880F991F800F911F9695879566
:10CFB0009C012F5F3F4F6C01E2E0CE0ED11C00FFC1
:10CFC0000DC0FC01E455F74F90818F2D8F70892B98
:10CFD00080832455374FD901EC92D9CF8455974F90
:10CFE000A70164E0569547956A95E1F7FC014083F7
:10CFF0002455374F8E2D8295807FD9018C93C7CFD2
:10D000004801B7E08B2299248114910459F0809152
:10D010001D0590911E05069B1CC0FF92EF925F922A
:10D020004F921BC01F930F93F501868D8F93858DB3
:10D030008F933F922F9280911E058F9380911D05B3
:10D040008F930E94375A0FB6F894DEBF0FBECDBF44
:10D05000DECFFF92EF927F926F929F938F930E9409
:10D06000375A0F900F900F900F900F900F9097E0FE
:10D070008916910409F08FCFA9E2B4E0BF93AF9372
:10D0800080911E058F9380911D058F930E94375AC2
:10D090000F900F900F900F907ECF8091CE05823031
:10D0A00010F58091CE05823098F52091E00580E85A
:10D0B00090E0A0E0B0E004C0880F991FAA1FBB1F3A
:10D0C0002A95D2F7F601E455F74FA60170E060E02B
:10D0D000481759076A077B070CF019CF2FEFC21AC0
:10D0E000D20A1192F2CF07701127012BD1F287E2F9
:10D0F00094E09F938F9380911E058F9380911D05DF
:10D100008F930E94375A0F900F900F900F90C9CFB6
:10D11000EFECF5E0218980E890E0A0E0B0E004C009
:10D12000880F991FAA1FBB1F2A95D2F7A60170E08E
:10D1300060E0481759076A077B070CF0E8CE0197B3
:10D14000A109B109BF93AF939F938F93DF92CF92C1
:10D15000868D8F93858D8F9383E094E09F938F933B
:10D1600080911E058F9380911D058F930E94375AE1
:10D170000FB6F894DEBF0FBECDBF97CF0E947A588E
:10D180008F73EFECF5E0838B9091CE0591114AC03F
:10D190000E947A58EFECF5E0828B2091CE05222395
:10D1A000C1F099279F938F93868D8F93858D8F9351
:10D1B00083EE93E09F938F9380911E058F938091D0
:10D1C0001D058F930E94375A0FB6F894DEBF0FBE2D
:10D1D000CDBFEFECF5E0408950E02FE531E0429F14
:10D1E000C001439F900D529F900D112481539A4F7F
:10D1F000DC01AD58BE4F2C91222309F4D2CD248DF1
:10D20000233041F18C589E4FDC018C91813011F517
:10D2100080E487878489823008F0C3CD8285938536
:10D220008860BDCD1F928F93868D8F93858D8F9350
:10D2300083EF93E09F938F9380911E058F9380914E
:10D240001D058F930E94375A0FB6F894DEBF0FBEAC
:10D25000CDBF9ECFEFECF5E0228980E22D34D8F4EB
:10D2600081896FE571E0469FD001479FB00D569FC1
:10D27000B00D1124AC5BB84F9C91891731F080EA56
:10D2800087878285938580618ACD43899FEF940F3C
:10D290009A3118F088E3878784CD50E8C52ED12CC9
:10D2A000E12CF12C04C0CC0CDD1CEE1CFF1C8A957B
:10D2B000D2F7C68AD78A30E0AAE1B0E00E940C809B
:10D2C000A42FA150BB0B8D01BB0F220B330BA90167
:10D2D0009801260F371F481F591FC701B60188271D
:10D2E00099270E941B80608F718F828F938F20916E
:10D2F000CE05211107C0809104058823F9F064E16F
:10D3000070E033CCDF92CF929F938F937F936F9394
:10D31000868D8F93858D8F938AEC93E09F938F9367
:10D3200080911E058F9380911D058F930E94375A1F
:10D330000FB6F894DEBF0FBECDBFDDCF61E08BE34B
:10D340000E943B0CAFECB5E05C962C915C9750963C
:10D350003C91509756960D911C91579758968D90E9
:10D360009D90AD90BC905B978FE591E0389FA001B8
:10D37000399F500D1124CA018E5D984F7C012330D6
:10D3800009F068C09801B501A4010E949E4D8C016E
:10D39000AFECB5E05296EC91529750964C91509765
:10D3A00024E0E29FF00111242FE531E0429FC0010B
:10D3B000439F900D1124E80FF91FE153FA4F539644
:10D3C0008C915397478D50A161A172A104C07695AD
:10D3D0006795579547958A95D2F740FF09C01A96E9
:10D3E0008D919C911B9780641B969C938E931A97AA
:10D3F00060E08BE30E943B0C81E00E948058EFECE0
:10D40000F5E040892FE531E0429FC001439F900D38
:10D41000112481539A4FDC01AA58BE4F22892C93C4
:10D42000119623892C931396408D518D628D738DA7
:10D430004D935D936D937C93139726893789885814
:10D440009E4FDC012D933C9388E52017310709F0AE
:10D4500022CF5FCD52968C91529794E0899FF00134
:10D460001124E40FF51FE153FA4F478D50A161A13C
:10D4700072A153963C9181E090E0A0E0B0E004C03E
:10D48000880F991FAA1FBB1F3A95D2F7263079F44F
:10D49000842B952BA62BB72B878F90A3A1A3B2A388
:10D4A0008091CD0581110CC010E000E071CF809516
:10D4B0009095A095B09584239523A623B723ECCF10
:10D4C00081E39FE00E947523811126C0CE01019661
:10D4D0000E94612326E1A70165E67FE0CE010D965B
:10D4E0000E94514DBE016F5F7F4F85E29FE00E9419
:10D4F000C322CE0101960E9446239401A50160E05B
:10D5000070E080E090E00E940A1F81110AC081E370
:10D510009FE00E94AB20C8CF81E39FE00E94AB2038
:10D52000D5CFA8016CEA78E081E39FE00E94202E2D
:10D530008C0181E39FE00E94AB202ACF0FEC15E025
:10D54000F8018489823008F4E4CC0E947A58893446
:10D55000910529F088EAD8011F968C9322CCF80116
:10D5600020893FE5E32EFF24F3942E9DC0012F9DDB
:10D57000900D112481539A4FFC01ED58FE4F2081EC
:10D58000222309F40ECC8C589E4FDC018C91813003
:10D5900019F480E4F8017FCE84E00E9480588091E5
:10D5A000040565E170E08111E0CA61E08BE30E944F
:10D5B0003B0CD80151968C9120E830E040E050E0DF
:10D5C00004C0220F331F441F551F8A95D2F7A2EDC6
:10D5D000B7E00E940180AB01BC01F80120892E9DBB
:10D5E000C0012F9D900D112420E08E5D984F0E9468
:10D5F0006750D80150968C910E9487520E94262233
:10D6000060E08BE30E943B0C84CC82E00E94805857
:10D6100080CC029912C183E00E9480588091DF057E
:10D6200040E850E0813009F0A8019091A30878010A
:10D63000913019F490E4E92EF12C2FE531E0829F2E
:10D64000F001839FF00D1124EE5BF84F808120E202
:10D6500030E0811101C0980180914407813011F4BC
:10D6600000E110E081E090E06091E005613011F0B0
:10D6700090E080E0842B952BE82AF92AE22AF32A0D
:10D68000E02AF12A0FEC15E0F80187859091CE058C
:10D690009230F0F50FEC15E0D8011F968C9161E007
:10D6A00090E00E943A53F801868561E090E00E9484
:10D6B0003A538091450761E090E00E943A5380918F
:10D6C000A40861E090E00E943A53D80152968C91F0
:10D6D00061E090E00E943A53F801838961E090E0B4
:10D6E0000E943A5361E0C7010E943A53D801509614
:10D6F0002C918FE591E0289FF001299FF00D1124D6
:10D70000EB5BF84F808161E090E00E943A5301CCDE
:10D710001F928F9386851F928F931F9281E08F9324
:10D72000868D8F93858D8F9380EB93E09F938F935E
:10D7300080911E058F9380911D058F930E94375A0B
:10D740000FB6F894DEBF0FBECDBF809145071F9284
:10D750008F938091A4081F928F931F9282E08F93E2
:10D76000D8015E968C915E978F935D968C918F9386
:10D7700086E993E09F938F9380911E058F9380910C
:10D780001D058F930E94375A0FB6F894DEBF0FBE67
:10D79000CDBFD80152968C9152971F928F9353967A
:10D7A0008C9153971F928F931F9283E08F935E9675
:10D7B0008C915E978F935D968C918F938CE793E01D
:10D7C0009F938F9380911E058F9380911D058F935A
:10D7D0000E94375A0FB6F894DEBF0FBECDBFFF923E
:10D7E000EF92D80150962C9150978FE591E0289FA9
:10D7F000F001299FF00D1124EB5BF84F80811F92FF
:10D800008F931F9284E08F935E968C915E978F9397
:10D810005D968C918F9382E693E09F938F93809196
:10D820001E058F9380911D058F930E94375A0FB666
:10D83000F894DEBF0FBECDBF2DCFEFECF5E08489AD
:10D84000823008F066CB878590E09387828761CB32
:10D8500002999DC980E00E9429579093D805809332
:10D86000D7058091CE058111B2C960E08AE30E949C
:10D870003B0C61E08CE30E943B0C60E08BE30E9478
:10D880003B0CEFECF5E020853185C9019695879535
:10D890008770848F98E0899FA0011124485F5D4FB5
:10D8A000568F458F24FB992790F9908B948992305D
:10D8B00009F0A6C9932F9170EFECF5E0918B8730BA
:10D8C00009F017860E9426228091CE0581119AC9FF
:10D8D000E091EB05E83008F01CCBF0E08827EC582D
:10D8E000F3498F4F0C9475802F662F66BE68BE6813
:10D8F0009E6A056BBE68096BCF93DF938BEE92E057
:10D900009F938F93CCEAD9E0DF93CF930E94375A4D
:10D9100080E00E94A25B88ED92E09F938F93DF935B
:10D92000CF930E94375A8DB79EB708960FB6F894DA
:10D930009EBF0FBE8DBF81E090E0DF91CF91089533
:10D94000EF92FF920F931F93CF93DF9300D000D0FD
:10D95000CDB7DEB7DB011396ED91FC9186859785F7
:10D96000835C9A4009F04DC00091E60C1091E70CE1
:10D970000115110509F054C01092E4046CE774E03D
:10D980008E010F5F1F4FC8010E94DA4362EE7CE0F8
:10D99000C8010E948643BC0182EE9CE00E94BA430B
:10D9A000C8010E94444484EE94E09F938F9385ECD9
:10D9B00092E09F938F938CEAE82E89E0F82EFF92F5
:10D9C000EF920E94375A6CED7CE0C8010E94D1436F
:10D9D0001F930F9384EB92E09F938F93FF92EF92AC
:10D9E0000E94375AC8010E94444464EE74E081E00A
:10D9F0000E94B4510E94845A0FB6F894DEBF0FBE45
:10DA0000CDBF90E080E026960FB6F894DEBF0FBE43
:10DA1000CDBFDF91CF911F910F91FF90EF900895AF
:10DA20000F31110510F00FE110E06091E20C7091E0
:10DA3000E30CA80184EE94E00E948482F801EC518A
:10DA4000FB4F10829BCFEF92FF920F931F93CF93C8
:10DA5000DF9300D000D0CDB7DEB7DB011396ED9198
:10DA6000FC9186859785885E9C4009F04DC00091A9
:10DA70000B0F10910C0F0115110509F054C01092F5
:10DA8000E40462E774E08E010F5F1F4FC8010E943B
:10DA9000DA4367E07FE0C8010E948643BC0187E06B
:10DAA0009FE00E94BA43C8010E94444484EE94E07F
:10DAB0009F938F9381EA92E09F938F938CEAE82E55
:10DAC00089E0F82EFF92EF920E94375A61E07FE0E2
:10DAD000C8010E94D1431F930F9380E992E09F9366
:10DAE0008F93FF92EF920E94375AC8010E944444DC
:10DAF00064EE74E080E00E94B4510E94845A0FB634
:10DB0000F894DEBF0FBECDBF90E080E026960FB642
:10DB1000F894DEBF0FBECDBFDF91CF911F910F9163
:10DB2000FF90EF9008950F31110510F00FE110E014
:10DB30006091070F7091080FA80184EE94E00E9495
:10DB40008482F801EC51FB4F10829BCF1F920F9201
:10DB50000FB60F9211240BB60F922F933F934F9352
:10DB60005F936F937F938F939F93AF93BF93EF9345
:10DB7000FF938CEA99E00E94EB0AFF91EF91BF912D
:10DB8000AF919F918F917F916F915F914F913F9155
:10DB90002F910F900BBE0F900FBE0F901F901895F6
:10DBA0001F920F920FB60F9211240BB60F922F9364
:10DBB0008F939F93EF93FF93E091BC09F091BD0980
:10DBC0008081E091C209F091C30982FD1DC090815E
:10DBD0008091C5098F5F8F732091C609821741F02C
:10DBE000E091C509F0E0E455F64F958F8093C509A3
:10DBF000FF91EF919F918F912F910F900BBE0F90FE
:10DC00000FBE0F901F9018958081F2CF1F920F9238
:10DC10000FB60F9211242F933F938F939F93AF933F
:10DC2000BF938091BB059091BC05A091BD05B091BB
:10DC3000BE053091BA0523E0230F2D3758F5019624
:10DC4000A11DB11D2093BA058093BB059093BC051F
:10DC5000A093BD05B093BE058091BF059091C0050E
:10DC6000A091C105B091C2050196A11DB11D80937F
:10DC7000BF059093C005A093C105B093C205BF91A5
:10DC8000AF919F918F913F912F910F900FBE0F9069
:10DC90001F90189526E8230F0296A11DB11DD2CF23
:10DCA0001F920F920FB60F9211240BB60F922F9363
:10DCB0003F934F935F936F937F938F939F93AF9314
:10DCC000BF93EF93FF93E0915E02F0915F0219958D
:10DCD000FF91EF91BF91AF919F918F917F916F9144
:10DCE0005F914F913F912F910F900BBE0F900FBE00
:10DCF0000F901F9018951F920F920FB60F9211243C
:10DD00000BB60F922F933F934F935F936F937F9335
:10DD10008F939F93AF93BF93EF93FF93E0915C0238
:10DD2000F0915D021995FF91EF91BF91AF919F9195
:10DD30008F917F916F915F914F913F912F910F90B4
:10DD40000BBE0F900FBE0F901F9018951F920F9251
:10DD50000FB60F9211240BB60F922F933F934F9350
:10DD60005F936F937F938F939F93AF93BF93EF9343
:10DD7000FF93E0915202F09153021995FF91EF91B8
:10DD8000BF91AF919F918F917F916F915F914F91D3
:10DD90003F912F910F900BBE0F900FBE0F901F90D1
:10DDA00018951F920F920FB60F9211240BB60F9277
:10DDB0002F933F934F935F936F937F938F939F9393
:10DDC000AF93BF93EF93FF93E0915002F091510214
:10DDD0001995FF91EF91BF91AF919F918F917F9195
:10DDE0006F915F914F913F912F910F900BBE0F90CC
:10DDF0000FBE0F901F9018951F920F920FB60F92A3
:10DE000011240BB60F922F933F934F935F936F9311
:10DE10007F938F939F93AF93BF93EF93FF93E09183
:10DE20005A02F0915B021995FF91EF91BF91AF916A
:10DE30009F918F917F916F915F914F913F912F9122
:10DE40000F900BBE0F900FBE0F901F9018951F9252
:10DE50000F920FB60F9211240BB60F922F933F9390
:10DE60004F935F936F937F938F939F93AF93BF93E2
:10DE7000EF93FF93E0915802F09159021995FF91A9
:10DE8000EF91BF91AF919F918F917F916F915F9132
:10DE90004F913F912F910F900BBE0F900FBE0F909F
:10DEA0001F9018951F920F920FB60F9211240BB668
:10DEB0000F922F933F934F935F936F937F938F9323
:10DEC0009F93AF93BF93EF93FF93E0915602F0912E
:10DED00057021995FF91EF91BF91AF919F918F914B
:10DEE0007F916F915F914F913F912F910F900BBE5A
:10DEF0000F900FBE0F901F9018951F920F920FB6A4
:10DF00000F9211240BB60F922F933F934F935F9371
:10DF10006F937F938F939F93AF93BF93EF93FF93F1
:10DF2000E0915402F09155021995FF91EF91BF9144
:10DF3000AF919F918F917F916F915F914F913F91A1
:10DF40002F910F900BBE0F900FBE0F901F90189542
:10DF50001F920F920FB60F9211240BB60F922F93B0
:10DF60003F934F935F936F937F938F939F93AF9361
:10DF7000BF93EF93FF938091B900887F803609F4B7
:10DF80004DC008F040C0883209F4A7C028F58031A0
:10DF900009F49BC0C8F4882309F4F7C0883009F459
:10DFA00094C0FF91EF91BF91AF919F918F917F911D
:10DFB0006F915F914F913F912F910F900BBE0F90FA
:10DFC0000FBE0F901F901895883109F486C08032DB
:10DFD00041F78093930514C0803409F49BC040F44A
:10DFE0008033B9F38833E9F68093930585ECAEC0AE
:10DFF000803509F483C0883509F494C0883489F6E3
:10E000000E94B548CECF883909F48AC038F58837E0
:10E0100029F050F4883611F0803719F683E08093A8
:10E0200094051092920555C0883809F479C080395A
:10E0300019F0803809F0B5CF80919205803208F050
:10E040006FC0E091920581E08E0F809392058091E0
:10E05000BB00F0E0EE58FA4F80833BC0803B39F0C4
:10E06000D0F4803A09F477C0883A09F09ACF84E076
:10E07000809394051092710510927005F0E0E0E035
:10E0800019958091700581110FC081E08093700512
:10E090001092500509C0803C09F4A8CF883C09F4CF
:10E0A000A5CF883B09F07DCFE091710581E08E0F0F
:10E0B00080937105F0E0E05BFA4F80818093BB00B4
:10E0C000909171058091700529C08091B905809368
:10E0D000BB0085EC8093BC0064CF9091B805809123
:10E0E000B705981758F5E091B80581E08E0F809339
:10E0F000B805F0E0E956FA4F8081E9CFE091B80524
:10E1000081E08E0F8093B8058091BB00F0E0E95666
:10E11000FA4F80839091B8058091B7059817C8F29F
:10E1200085E8D8CFE091B80581E08E0F8093B805DF
:10E130008091BB00F0E0E956FA4F8083809196050C
:10E1400081115ECF81E08093950584EA8093BC00C5
:10E150001092940526CF85EC8093BC001092940514
:10E1600080919205803230F4E0919205F0E0EE5813
:10E17000FA4F10826091920570E082E795E0F0E03E
:10E18000E0E01995109292050CCF1092930538CFCC
:10E190000F931F93CF93DF938C01D0E0C0E0F80181
:10E1A000EC0FFD1F6491662341F08CEA99E00E9418
:10E1B0000D0B892B11F02196F2CFCE01DF91CF917B
:10E1C0001F910F910895CF93DF930E94C870EC01C7
:10E1D00061E174E08CEA99E00E94BE398C0F9D1FCA
:10E1E000DF91CF9108958F929F92AF92BF920F933C
:10E1F0001F93CF93DF93CDB7DEB7A1970FB6F894F7
:10E20000DEBF0FBECDBF19A2423008F44AE08E0136
:10E210000F5D1F4F842E912CB12CA12CA5019401D0
:10E220000E945380E62FB901CA01EA3004F5E05D8F
:10E23000D801EE938D01232B242B252B79F790E029
:10E2400080E0109729F0BD018CEA99E00E94BE3968
:10E25000A1960FB6F894DEBF0FBECDBFDF91CF9170
:10E260001F910F91BF90AF909F908F900895E95CA0
:10E27000DFCFEF92FF920F931F93CF93DF93EC01C9
:10E280008B017A018DE090E00E94AA7BFC01F18273
:10E29000E08283E090E0938382831583048382E0AD
:10E2A00090E09783868381E090E091878087128653
:10E2B00014861386FB83EA839D838C838E838FEE83
:10E2C00093E0998388838DE493E098878F83FE01A0
:10E2D000E75FFE4F85E69FE091838083CE01855FF7
:10E2E0009E4F0E94612385E493E098878F83FE010F
:10E2F000E55BFE4F10821182128213828E01015B58
:10E300001E4F7E0181EFE81A8DEFF80A63E174E099
:10E31000C8010E94DA430A5F1F4F0E151F05B1F7AF
:10E32000F801108211821282138285E593E09983AD
:10E3300088838FE693E098878F8365E574E0CE014C
:10E340008D5E9D4F0E94DA4365E574E0CE01875EE5
:10E350009D4F0E94DA4363E174E0CE01815E9D4FE0
:10E36000DF91CF911F910F91FF90EF900C94DA43C2
:10E37000CF92DF92EF92FF921F93CF93DF93ECEA5D
:10E38000F9E01382128288EEC82E83E0D82EE12CA9
:10E39000F12CC482D582E682F78287E793E09183ED
:10E3A000808385EC90E09587848784EC90E0978764
:10E3B000868780EC90E0918B808B81EC90E0938B52
:10E3C000828B82EC90E0958B848B86EC90E0978B2F
:10E3D000868B118E128E138E148EEBE4FAE08AE691
:10E3E00092E091838083A9E4BAE0B383A28311E031
:10E3F000148315821D921C92E1E5FAE08EE380837E
:10E400008DE2818385E893E0938382831482158370
:10E4100085E29FE00E9461231092C6111092C511FF
:10E420001092C8111092C7111092CC111092CB11FA
:10E4300080E58093CF111092D0111092D1118AE211
:10E440008093D3111092D7111092DC11CDE0DFE050
:10E450001B821A8287EA93E0998388838CE08C83FD
:10E460008FEF8D838BE08E838AE08F8389E08887AE
:10E4700088E0898787E08A871B861C861D861E8622
:10E480001F8681E00E94282843E25DE667E974E088
:10E4900088EE9CE00E94397140EA5CE663EA74E031
:10E4A00083EC9AE00E943971ECEBFAE085E094E0AD
:10E4B000918380832BE832E03383228321E030E0B4
:10E4C000358324831683E5EBFAE09183808381E82A
:10E4D00092E0938382833583248316838EEA9AE0C5
:10E4E00044E752E0FC01538342833583248316833F
:10E4F0004FEE53E051834083A8EABAE040E752E090
:10E5000011965C934E93E6EAFAE01396FC93EE9331
:10E51000129714961C93149715961C9215971182B6
:10E520001082E7E9FAE01382128244E95AE0558347
:10E530004483B783A68342E050E051874087138627
:10E540001286148649EC53E051834083D687C587F1
:10E5500040E95AE0EA01398328832EE632E03B8322
:10E560002A83C1E8DAE01B821A82CC82DD82EE8245
:10E57000FF821C8763EB73E0798368831E861D86A8
:10E58000A2E7BAE01C9215961C9215971A961C9257
:10E590001A97E7E5FAE051834083D383C283B583BA
:10E5A000A48342E0468317821087118646E45AE02E
:10E5B0005387428715861486108A118B128A138B13
:10E5C000148A158A168A178A118E108E128F129647
:10E5D0009C938E93119797878687E901888199810B
:10E5E000EC011B861A861496FC93EE9313971996EA
:10E5F000FC93EE9318971E96FC93EE931D97DF9174
:10E60000CF911F91FF90EF90DF90CF900895CF931F
:10E61000DF93CDB7DEB7C058D1090FB6F894DEBF8F
:10E620000FBECDBF789484B5826084BD84B581600F
:10E6300084BD85B5826085BD85B5816085BD8091CD
:10E640006E00816080936E00109281008091810045
:10E65000826080938100809181008160809381003D
:10E66000809180008160809380008091B1008460FF
:10E670008093B1008091B00081608093B000809160
:10E6800091008260809391008091910081608093DD
:10E690009100809190008160809390008091A10012
:10E6A00082608093A1008091A10081608093A1008D
:10E6B0008091A00081608093A00080912101826000
:10E6C00080932101809121018160809321018091BB
:10E6D000200181608093200180917A008460809382
:10E6E0007A0080917A00826080937A0080917A002B
:10E6F000816080937A0080917A00806880937A00AC
:10E700001092C1000CEA19E0E091BC09F091BD093A
:10E7100082E08083E091B809F091B9091082E0911C
:10E72000BA09F091BB0987E080831092C409E09197
:10E73000C009F091C1098EE08083E091BE09F0919B
:10E74000BF09808180618083E091BE09F091BF099B
:10E75000808188608083E091BE09F091BF0980814B
:10E7600080688083E091BE09F091BF0980818F7D30
:10E77000808361E08DE00E94690C61E08AE30E9481
:10E78000690C61E08BE30E94690C61E08CE30E94FC
:10E79000690C60E08AE30E943B0C60E08BE30E941E
:10E7A0003B0C60E08CE30E943B0C60E08DE00E943B
:10E7B0003B0C82E00E94282840E060E08DE09FE072
:10E7C0000E94DC286FEA74E08DE09FE00E94BE3971
:10E7D00041E060E08DE09FE00E94DC286DEB74E09A
:10E7E0008DE09FE00E94BE3962E087E30E94690CE1
:10E7F00062E088E30E94690C62E086E30E94690C93
:10E8000062E089E30E94690C82EC94E09F938F930D
:10E810008BEC94E09F938F9387ED94E09F938F937D
:10E820001F9283E18F931F9288E08F931F92FF24A2
:10E83000F394FF928DEB94E09F938F9388E593E19F
:10E840009F938F931F930F930E94375A61E08AE33F
:10E850000E943B0C61E08CE30E943B0C61E08BE387
:10E860000E943B0C68EE73E080E090E00E94CA0CCE
:10E8700060E08CE30E943B0C68EE73E080E090E087
:10E880000E94CA0C60E08BE30E943B0C1093CB0506
:10E890000093CA05F092CC0560E080E00E94690C0C
:10E8A00060E082E30E94690C61E083E30E94690CEE
:10E8B00061E084E30E94690C61E085E30E94690CD9
:10E8C00061E083E30E943B0C61E084E30E943B0C27
:10E8D00061E085E30E943B0C1092CD051092D411AB
:10E8E0001092D1111092D3111092D71185E3809319
:10E8F000D21161E00E94690C61E08091D2110E9406
:10E900003B0C82E58093CF111092D0111FB7F89481
:10E910000FB6F894DEBF0FBECDBF8091C90581113F
:10E9200027C0EFE8F1E18491E9E4F1E19491E82F67
:10E93000F0E0EE0FFF1FE650FF4EA591B491EC9171
:10E94000E92321F461E085E30E943B0C61E085E36B
:10E950000E94690C8CB580618CBD8CB580648CBDC7
:10E9600061E084E30E94690C61E083E30E94690C2A
:10E970008091C9058F5F8093C9051FBF81E0809397
:10E98000D1111092D5118091D411811104C08DEC58
:10E9900091E10E94331361E08091D2110E943B0CFF
:10E9A0001AE08FEF0E942C131150D9F760E080918C
:10E9B000D2110E943B0C1AE020E030E0A90160E097
:10E9C0008DEC91E10E941314082F813009F4CAC222
:10E9D000115009F0C0C281E08093D3118DEC91E118
:10E9E0000E945C1385E6C82E8FE0D82E8DEC91E155
:10E9F0009093CC118093CB111091D311111139C484
:10EA00009093CA118093C9111092C6111092C5112A
:10EA1000109292111092C0111092C1111092C21155
:10EA2000D092C811C092C711909391118093901108
:10EA30009093670F8093660F1092650F8FEF9FEF93
:10EA4000DC0180936C0F90936D0FA0936E0FB093C9
:10EA50006F0F20E040E050E0BA01C6010E940216AC
:10EA6000009709F4F0C2FC01E254FE4F24812223F6
:10EA700009F4E9C220812F7709F0E5C28A539E4F3D
:10EA8000DC018D909D90AD90BC90B501A401C601B4
:10EA90000E9402167C01009709F4D5C245E050E0BF
:10EAA0006DED74E003960E947682892B09F0CBC24B
:10EAB000F701E459FF4F8081893009F0C4C27C9787
:10EAC00080819181A281B381880D991DAA1DBB1DF2
:10EAD0008093741190937511A0937611B093771170
:10EAE000349680819181A281B38180937811909333
:10EAF0007911A0937A11B0937B11349640815181A2
:10EB000062817381480D591D6A1D7B1D40937C11E4
:10EB100050937D1160937E1170937F1134968081A4
:10EB20009181A281B3818093801190938111A093F0
:10EB30008211B0938311349680819181A281B38137
:10EB40008093841190938511A0938611B0938711BF
:10EB50003D96208120939311275F81E090E0A0E013
:10EB6000B0E004C0880F991FAA1FBB1F2A95D2F7D7
:10EB700080938C1190938D11A0938E11B0938F116F
:10EB80000197A109B1098093881190938911A093ED
:10EB90008A11B0938B111092701110927111109212
:10EBA00072111092731140E050E0BA01C6010E9448
:10EBB0004C1600E40093921184E991E10E94032035
:10EBC000E4E9F1E18FE2DF011D928A95E9F7009314
:10EBD000C011D092B511C092B41181E08093C211DE
:10EBE0008091C5059091C605892B21F4D092C60568
:10EBF000C092C50585E69FE09093C8058093C70540
:10EC0000E090CB11F090CC11D7011A960C9120E036
:10EC100030E0A90169E0C7010E9413148111D9C332
:10EC200040E150E0BE016F5F7F4FC7010E94C013FB
:10EC3000882309F4D2C3C7010E945C13898182959D
:10EC400086958695837009F0CFC3CF80D12CF12CA7
:10EC5000E12C2AE0CC0CDD1CEE1CFF1C2A95D1F720
:10EC6000CC24BCE0DB22EE24FF24498550E036E0D2
:10EC7000559547953A95E1F7052E000C660B770BF5
:10EC80004C295D296E297F29888590E0B0E0A0E0BD
:10EC90006C017D01E2E0CC0CDD1CEE1CFF1CEA9552
:10ECA000D1F7C42AD52AE62AF72AEFEFCE1ADE0AD0
:10ECB000EE0AFE0A8A85880F982F96708B85881F2A
:10ECC0008827881F892B9E819F70890F9927991FFC
:10ECD000079704C0CC0CDD1CEE1CFF1C8A95D2F7F4
:10ECE000BBE0F694E794D794C794BA95D1F72091F6
:10ECF000CA053091CB058091CC05882391F11F92F4
:10ED00001F921F9282E08F931F928F9380EA92E16D
:10ED10009F938F933F932F930E94375A1F920F9385
:10ED20008DE892E19F938F938091CB058F93809193
:10ED3000CA058F930E94375AFF92EF92DF92CF92CB
:10ED400089E792E19F938F938091CB058F93809178
:10ED5000CA058F930E94375A0FB6F894DEBF0FBED4
:10ED6000CDBFE091C511F091C611309709F465C38C
:10ED700015818481C12CA2E0DA2E02C0CC0CDD1CEE
:10ED80008A95E2F7F12CE12C808C918CA28CB38CCB
:10ED900091E0891A9108A108B108A70196016AE0DB
:10EDA00056954795379527956A95D1F7C501B401D2
:10EDB000EAE09695879577956795EA95D1F70E9451
:10EDC0001B80062F772E682E592E2091CA05309170
:10EDD000CB058091CC05882309F43FC01F921F9377
:10EDE00086E692E19F938F933F932F930E94375A29
:10EDF000FF92EF92DF92CF928AE492E19F938F93FA
:10EE00008091CB058F938091CA058F930E94375ACA
:10EE1000BF92AF929F928F9281E392E19F938F93E3
:10EE20008091CB058F938091CA058F930E94375AAA
:10EE30005F926F927F920F9389E192E19F938F93FC
:10EE40008091CB058F938091CA058F930E94375A8A
:10EE50000FB6F894DEBF0FBECDBF81E08093CD0525
:10EE60008091CA059091CB050E94B73C8091CD0559
:10EE7000882309F400C38AE393E19F938F938CEA7C
:10EE800099E09F938F930E94375A0F900F900F90A5
:10EE90000F9081E00E94A25B60E672E085E69FE051
:10EEA0000E94B94F882309F499C3CE018F5B9F4F0D
:10EEB0000E94612360E672E085E69FE00E94B94F00
:10EEC000882309F4EFC280E692E09F938F938FED41
:10EED00092E19F938F938CEA99E09F938F930E9486
:10EEE000375ACE0101960E94612320E040E652E0AD
:10EEF00065E67FE0CE010D960E94514DBE016F5F29
:10EF00007F4FCE018F5B9F4F0E94C322CE0101969F
:10EF10000E9446230F900F900F900F900F900F902C
:10EF200001E410E00C0F1D1F045F1F4FC8010E9479
:10EF30009923892B09F4A5C241E050E0BE016F5F1F
:10EF40007F4FC8010E94F82D019709F097C289816F
:10EF50000E945C5DEBCF0FEF8FEF0E942C130150EE
:10EF6000D9F72ACD2AEA31E040E050E068E08DECA4
:10EF700091E10E94131482FD0EC082E08093D711AC
:10EF800014E00E9441138093D6111150D1F78A3AB0
:10EF900021F086E021CD0093D7118091D711C12CAB
:10EFA000D12CE12C90E4F92E823019F0C12CD12C17
:10EFB00076010E94FD0C8B010053184F20E030E0D9
:10EFC000A90167E38DEC91E10E941314A70196015A
:10EFD00069E28DEC91E10E941314882349F00E94AC
:10EFE000FD0CC801861B970B97FFE8CF87E1F4CC97
:10EFF0008091D7118230D1F420E030E0A9016AE39A
:10F000008DEC91E10E941314882311F082E1E4CC8D
:10F010000E944113807C803C19F483E08093D711D7
:10F020000E9441130E9441130E9441138DEC91E113
:10F030000E945C1380E58093CF1181E08093D01112
:10F040001092DC11CFCC1092C8111092C7111092FF
:10F050006A0F10929011109291111092921185E600
:10F060009FE09093C6118093C5118091C911909132
:10F07000CA119093660F8093650F41E050E060E005
:10F0800070E040936D0F50936E0F60936F0F70930D
:10F09000700F9093870F8093860F1092850F8FEFDC
:10F0A0009FEFDC0180938C0F90938D0FA0938E0FB8
:10F0B000B0938F0F20E040E050E0BA0185E89FE078
:10F0C0000E940216009709F4D0C0FC01E254FE4FE2
:10F0D0002481222309F4C9C020812F7709F0C5C0FB
:10F0E0008A539E4FFC01C080D180E280F380B7013B
:10F0F000A60185E89FE00E940216FC01892B09F415
:10F10000B4C08089823009F0B0C0838594858115B0
:10F11000924009F0AAC095859093670F8FEF890FF1
:10F120008093680F20E081E0981731F02F5F29303D
:10F1300009F432C1880FF8CF2093690F8689978927
:10F14000B0E0A0E08093710F9093720FA093730FC3
:10F15000B093740F892B8A2B8B2B61F484A195A11A
:10F16000A6A1B7A18093710F9093720FA093730F14
:10F17000B093740F8685978526013701480E591E76
:10F18000611C711C4092790F50927A0F60927B0F34
:10F1900070927C0F8189928990936C0F80936B0F92
:10F1A0004091710F5091720F6091730F7091740FB5
:10F1B0004A015B01880C991CAA1CBB1C840C951C81
:10F1C000A61CB71C8092810F9092820FA092830F91
:10F1D000B092840FB5E0880F991FBA95E1F781507E
:10F1E0009E4F892F99278695880E991EA11CB11CC8
:10F1F0008092750F9092760FA092770FB092780F51
:10F2000083899489B0E0A0E00097A105B10521F4BD
:10F2100080A191A1A2A1B3A1C818D908EA08FB084E
:10F220008C0D9D1DAE1DBF1D6C017D0104C0F694AB
:10F23000E794D794C7942A95D2F7D701C6010196CF
:10F24000A11DB11D80937D0F90937E0FA0937F0F22
:10F25000B093800F85EFC8168FE0D806E104F10463
:10F2600008F05CC08CE080936A0F1092C611109277
:10F27000C5118AE092E10E94E370E091CB11F09118
:10F28000CC11309721F08681882309F452C282EF95
:10F2900091E10E94E370E091CB11F091CC11309795
:10F2A00091F08681813009F044C281EC91E10E94A5
:10F2B000E370E091CB11F091CC11309721F0868171
:10F2C000882309F46DC085EB91E10E94C870E0913C
:10F2D000CB11F091CC116BE2309709F0668170E0B0
:10F2E00090E080E040E10E94F37081EB91E10E94A8
:10F2F000C870E091CB11F091CC1160E0309709F02B
:10F30000618570E090E080E040E10E94F37061E18F
:10F3100074E08CEA99E00E94BE39FFCF80E195EF5E
:10F32000C9169FEFD906E104F10468F084A595A5FC
:10F33000A6A5B7A58093810F9093820FA093830F0A
:10F34000B093840F80E280936A0F4093880F5093AC
:10F35000890F60938A0F70938B0F80E991E10E946F
:10F36000A81A109290111092921165E67FE080E940
:10F3700091E10E94EF32882309F477CF8091C30591
:10F380009091C405892B09F035CC85E69FE09093D8
:10F39000C4058093C3052ECC88E08093690F65CFA8
:10F3A000E091C511F091C611309741F0858181112E
:10F3B000B4CF80EA91E10E94E370AFCF8091C71192
:10F3C0009091C8110097A9F3835D9D4FFC01808146
:10F3D000EECF8CE1D70116968C93C7010E945C1387
:10F3E000C12CD12C76017CCC8130D1F7C884D12CB2
:10F3F000F12CE12C7601DD24CC24B701A6014427B1
:10F4000055276F73772789859A85982789279827A5
:10F41000B0E0A0E06C017D01C42AD52AE62AF72AD3
:10F42000FFEFCF1ADF0AEF0AFF0A9AE0CC0CDD1CCF
:10F43000EE1CFF1C9A95D1F753CC8091C711909187
:10F44000C811C12CD12C7601812C912C540100972C
:10F4500009F4A3CCFC01E35DFD4F10813697C08019
:10F46000D180E280F380855E9D4FDC018D909D9080
:10F47000AD90BC9092CC89E193E1FFCC8FEF9FEFF0
:10F4800067CDC8010E94AB2089EB92E19F938F93D7
:10F490008CEA99E09F938F930E94375A0F900F90B8
:10F4A0000F900F90CE018F5B9F4F0E94462382E109
:10F4B00093E59093620A8093610A88EE9CE00E9433
:10F4C000734E83EC9AE00E94734E66E47AE087E51F
:10F4D0009AE00E942F240E948B528FEF92E19F931B
:10F4E0008F938CEA99E09F938F930E94375A0F90E5
:10F4F0000F900F900F90B9EC8B2EB3E19B2E16EB73
:10F50000E12E13E1F12E0BE8C02E03E1D02E81EAAB
:10F51000A82E83E1B82E95E0592E8CEA99E00E943E
:10F52000D50A892B31F08CEA99E00E94B30A0E9437
:10F530005C5D87E30E94120C182F88E30E94120C76
:10F54000682E86E30E94120C782E89E30E94120C2A
:10F55000082F112309F445C010E061101DC062E3BB
:10F5600070E080E090E00E94CA0C88E30E94120CD8
:10F57000892B91F488E30E94120C892BD9F3FF9216
:10F58000EF928CEA99E09F938F930E94375A0F90E5
:10F590000F900F900F9012E0711042C062E370E084
:10F5A00080E090E00E94CA0C86E30E94120C892B36
:10F5B000B9F586E30E94120C892BD9F3BF92AF9262
:10F5C0008CEA99E09F938F930E94375A0F900F9087
:10F5D0000F900F90011183C013E024C00E94845A41
:10F5E00066CF62E370E080E090E00E94CA0C87E39F
:10F5F0000E94120C892B09F0AFCF87E30E94120CF6
:10F60000892BD9F39F928F928CEA99E09F938F93E5
:10F610000E94375A0F900F900F900F9011E09DCFDE
:10F6200001114FC062E370E080E090E00E94CA0CDC
:10F6300089E30E94120C892B09F043C089E30E94E0
:10F64000120C892BD9F3DF92CF928CEA99E09F9329
:10F650008F930E94375A62E070E08FEF0E949026ED
:10F660000F900F900F900F90E091630AF091640A51
:10F670000091570A1091580A309799F587E59AE05A
:10F680000E94091240915E0A20915B0A30915C0A47
:10F69000F52D4F02B0011124DC011296ED91FC9181
:10F6A000828182FF04C0442311F065507109620F0A
:10F6B000731FC8010E94AE400E9463650E947A0BCE
:10F6C0002CCF123051F0133051F061E0113061F65F
:10F6D00070E08FEF0E949026C7CF64E0F9CF63E01F
:10F6E000F7CF7090600A1092600AD8014D915C913A
:10F6F00030E020E024173507FCF6D80112966D9112
:10F700007C91C901880F991F860F971FDC018D918D
:10F710009C91DC0118966C9160FD04C0772031F05B
:10F7200061FF04C061E070E01995C6CF2F5F3F4FC5
:10F73000E1CFE091CB11F091CC11C1CD83EC9AE0F7
:10F740000E94724488EE9CE00E94724485E29FE031
:10F750000C9446230F931F93CF93DF938230910530
:10F7600010F482E090E0E091DF11F091E01130E0E0
:10F7700020E0B0E0A0E0309799F42115310509F4BC
:10F780004AC0281B390B24303105D8F58A819B816A
:10F790006115710589F1FB0193838283FE0111C01C
:10F7A000408151810281138148175907E0F04817C1
:10F7B000590799F4109761F012960C9312971396CB
:10F7C0001C933296CF01DF91CF911F910F91089535
:10F7D0000093DF111093E011F4CF2115310551F0A2
:10F7E0004217530738F0A901DB019A01BD01DF017F
:10F7F000F801C1CFEF01F9CF9093E0118093DF11B1
:10F80000CDCFFE01E20FF31F819391932250310976
:10F8100039832883D7CF2091DD113091DE11232B3E
:10F8200041F420919702309198023093DE11209399
:10F83000DD1120919502309196022115310541F498
:10F840002DB73EB74091990250919A02241B350B77
:10F85000E091DD11F091DE11E217F307A0F42E1B09
:10F860003F0B2817390778F0AC014E5F5F4F241724
:10F87000350748F04E0F5F1F5093DE114093DD11A6
:10F88000819391939FCFF0E0E0E09CCFCF93DF9303
:10F890000097E9F0FC01329713821282A091DF11E8
:10F8A000B091E011ED0130E020E01097A1F420814B
:10F8B0003181820F931F2091DD113091DE112817C5
:10F8C000390709F061C0F093DE11E093DD11DF919B
:10F8D000CF910895EA01CE17DF07E8F54A815B81F1
:10F8E0009E0141155105B1F7E901FB83EA83499176
:10F8F0005991C40FD51FEC17FD0761F480819181E8
:10F900000296840F951FE9019983888382819381F0
:10F910009B838A83F0E0E0E012968D919C9113978F
:10F920000097B9F52D913C911197CD010296820F68
:10F93000931F2091DD113091DE112817390739F618
:10F94000309751F51092E0111092DF11B093DE1153
:10F95000A093DD11BCCFD383C28340815181840F3A
:10F96000951FC817D90761F44E5F5F4F8881998151
:10F97000480F591F518340838A819B8193838283DF
:10F980002115310509F0B0CFF093E011E093DF11BC
:10F990009ECFFD01DC01C0CF13821282D7CFDC01E4
:10F9A0002D923D924D925D926D927D928D929D929F
:10F9B000AD92BD92CD92DD92ED92FD920D931D938D
:10F9C000CD93DD930F90FF91EF918DB78D938EB70F
:10F9D0008D938FB78D93ED93FD93882799270D9283
:10F9E00021C0DC01CB0181309105811D2D903D901E
:10F9F0004D905D906D907D908D909D90AD90BD905F
:10FA0000CD90DD90ED90FD900D911D91CD91DD910A
:10FA1000ED91FD910D90F894FEBF0FBEEDBFED91FD
:10FA2000FD910D90EF93FF930F9208950F931F9305
:10FA3000CF93DF93CDB7DEB72E970FB6F894DEBF26
:10FA40000FBECDBF8C01FA018EE08C831A8309832F
:10FA500077FF02C060E070E8615071097E836D83BA
:10FA6000A901BF01CE0101960E944F7D4D815E81AB
:10FA700057FD0AC02F813885421753070CF49A01AD
:10FA8000020F131FF80110822E960FB6F894DEBFF6
:10FA90000FBECDBFDF91CF911F910F9108952F928F
:10FAA0003F924F925F926F927F928F929F92AF920E
:10FAB000BF92CF92DF92EF92FF920F931F93CF935B
:10FAC000DF9300D000D000D01F921F92CDB7DEB7D9
:10FAD0007C013B018A01FC0117821682838181FF30
:10FAE000DDC1CE0101965C01F7019381F30193FD25
:10FAF000859193FF81913F01882309F453C1853299
:10FB000039F493FD859193FF81913F01853229F46A
:10FB1000B70190E00E94707FE7CF912C212C312C0F
:10FB2000FFE1F31538F08B3211F190F4803209F1D6
:10FB3000833229F137FC3CC020ED280F2A3050F5E4
:10FB400036FE20C08AE0989E200D1124922E06C019
:10FB50008D3291F0803371F7689430F8F30193FDA2
:10FB6000859193FF81913F018111DACF21C0689483
:10FB700031F8689432F8F2CF689433F8EFCF689494
:10FB800034F8ECCFEAE02E9E200D1124222E68944A
:10FB900035F8E4CF8E3229F436FC04C1689436F887
:10FBA000DDCF8C3619F4689437F8D8CF8836B1F2A7
:10FBB000982F9F7D95549330E0F08336A1F18337E1
:10FBC000C1F1833509F063C02801F2E04F0E511CEA
:10FBD000F801C080D180692D70E036FC02C06FEF63
:10FBE0007FEFC6010E945A7F4C01689437F882016A
:10FBF0000AC00C5F1F4FFFE3F98388248394912C84
:10FC00006501E89437F833FE2DC0522C811491041D
:10FC100071F5552009F468CFB70180E290E00E94A9
:10FC2000707F5A94F6CFF801808189830E5F1F4F51
:10FC3000E4CF2801F2E04F0E511CF801C080D180C2
:10FC4000692D70E036FC02C06FEF7FEFC6010E94A5
:10FC5000657F4C018201D5CFB70180E290E00E9420
:10FC6000707F2A942814190409F0B0F7CECFF6015A
:10FC700037FC859137FE81916F01B70190E00E94BA
:10FC8000707F51105A94F1E08F1A9108BFCF8436DB
:10FC900019F0893609F077C0F80137FE6BC0608132
:10FCA0007181828193810C5F1F4FF32DFF763F2E70
:10FCB00097FF09C090958095709561957F4F8F4F04
:10FCC0009F4F689437F82AE030E0A5010E94A07F9A
:10FCD000C82ECA188C2C432C36FE0CC0E89440F871
:10FCE000C91440F434FE05C032FC03C0F32DFE7E7F
:10FCF0004F2E892C44FEAAC0FE01EC0DF11D80811F
:10FD0000803309F09CC0242D297E422E842D8870DA
:10FD1000582E43FCAAC040FEA4C09C2C821418F4A8
:10FD20002C0C922C981844FEA6C0B70180E390E0FA
:10FD30000E94707F42FE09C088E790E041FE02C049
:10FD400088E590E0B7010E94707FC91408F49FC055
:10FD5000CA94D12C9FEFC91AD90ACA0CDB1CF60130
:10FD600082916F01B70190E00E94707FAC14BD04D6
:10FD7000B1F74FCF60817181072E000C880B990B72
:10FD80000E5F1F4F92CFD32CE894D4F82AE030E0D6
:10FD90008537E1F1232D297FD22E8F36A9F1F0F49A
:10FDA000883551F1F701868197812B960FB6F8942B
:10FDB000DEBF0FBECDBFDF91CF911F910F91FF909E
:10FDC000EF90DF90CF90BF90AF909F908F907F90FB
:10FDD0006F905F904F903F902F900895803749F03B
:10FDE000883701F7D4FE02C06894D2F820E130E0F1
:10FDF0000DC06894D4F8F6CF34FE03C0822F86601D
:10FE0000D82E20E132E002C028E030E0F801D7FE31
:10FE10000FC060817181828193810C5F1F4FA501AA
:10FE20000E94A07FC82ECA183D2CE89437F852CF04
:10FE30006081718190E080E00E5F1F4FF0CF42FC47
:10FE400002C0839463CF8394839460CF842D86789B
:10FE500009F45CCFF6CFB70180E290E00E94707F9A
:10FE600083948214C0F3512C5ECF522C5818821404
:10FE700008F459CFF8CF842D867809F466CF8BE249
:10FE800041FE80E247FC8DE2B70190E05CCFB70114
:10FE900080E390E00E94707F9A9457CF8FEF9FEF9E
:10FEA00084CF91110C94FE7F803219F089508550D7
:10FEB000C8F70895FC010590615070400110D8F713
:10FEC000809590958E0F9F1F0895FC0161507040A2
:10FED00001900110D8F7809590958E0F9F1F08957F
:10FEE0000F931F93CF93DF93182F092FEB018B8173
:10FEF00081FD09C01FEF0FEF812F902FDF91CF9170
:10FF00001F910F91089582FF14C02E813F818C8133
:10FF10009D81281739073CF4E881F981CF010196CA
:10FF20009983888310838E819F8101969F838E831E
:10FF3000E3CFE885F985812F1995892BA1F3DACFD5
:10FF4000FA01AA27283051F1203181F1E8946F930A
:10FF50006E7F6E5F7F4F8F4F9F4FAF4FB1E03ED0B0
:10FF6000B4E03CD0670F781F891F9A1FA11D680F4E
:10FF7000791F8A1F911DA11D6A0F711D811D911D81
:10FF8000A11D20D009F468943F912AE0269F1124F6
:10FF90003019305D3193DEF6CF010895462F47705A
:10FFA000405D4193B3E00FD0C9F7F6CF462F4F70B5
:10FFB000405D4A3318F0495D31FD4052419302D013
:10FFC000A9F7EACFB4E0A6959795879577956795B9
:10FFD000BA95C9F700976105710508959B01AC01B9
:10FFE0000A2E06945795479537952795BA95C9F7E0
:10FFF000620F731F841F951FA01D089599278827DE
:020000021000EC
:1000000008950E940C80A59F900DB49F900DA49F11
:10001000800D911D11240895A29FB001B39FC001CE
:10002000A39F700D811D1124911DB29F700D811D24
:100030001124911D0895DB018F939F930E940180ED
:10004000BF91AF91A29F800D911DA39F900DB29F74
:10005000900D11240895AA1BBB1B51E107C0AA1FD4
:10006000BB1FA617B70710F0A61BB70B881F991F59
:100070005A95A9F780959095BC01CD01089597FBFD
:10008000072E16F4009407D077FD09D00E942B802C
:1000900007FC05D03EF4909581959F4F089570958B
:1000A00061957F4F0895A1E21A2EAA1BBB1BFD018B
:1000B0000DC0AA1FBB1FEE1FFF1FA217B307E40747
:1000C000F50720F0A21BB30BE40BF50B661F771F9F
:1000D000881F991F1A9469F760957095809590957F
:1000E0009B01AC01BD01CF010895EE0FFF1F881FDA
:1000F0008BBF0790F691E02D1994689401C0E894A5
:100100008F929F92CF93DF930E948B80DF91CF914C
:100110009F908F90089588249924F401E401B0E41D
:100120009F93AA279A158B049C04ED05FE05CF0525
:10013000D007A10798F4AD2FDC2FCF2FFE2FE92D8C
:10014000982C892E982F872F762F652F542F432F89
:10015000322F2227B85031F7BF9127C01B2EBF91F5
:10016000BB27220F331F441F551F661F771F881F91
:10017000991F881C991CEE1FFF1FCC1FDD1FAA1F93
:10018000BB1F8A149B04EC05FD05CE05DF05A00707
:10019000B10748F08A189B08EC09FD09CE09DF0970
:1001A000A00BB10B21601A94E1F62EF49401AF017B
:1001B000BE01CD01000C089597FD1094002E08306B
:1001C00098F00850232F342F452F562F672F782F64
:1001D000892F912DF4CF15949795879577956795ED
:1001E00057954795379527950A95AAF71124002D1D
:1001F00008952A0D3B1D4C1D5D1D6E1D7F1D801F2A
:10020000911F08950024A7FD00942A0F301D401D62
:10021000501D601D701D801D901D08952A193B09F9
:100220004C095D096E097F09800B910B08952A1511
:100230003B054C055D056E057F0580079107089518
:100240000024A7FD00942A173005400550056005DD
:1002500070058005900508954F925F926F927F928E
:100260008F929F92AF92BF92CF92DF92EF92FF92C6
:100270000F931F93CF93DF938C01009799F4CB01D9
:10028000DF91CF911F910F91FF90EF90DF90CF9072
:10029000BF90AF909F908F907F906F905F904F90A6
:1002A0000C94AA7BFC01E60FF71F9C012250310938
:1002B000E217F30708F4AEC0D901CD91DC91119794
:1002C000C617D70720F1C530D10578F0CE010497C5
:1002D0008617970750F0C61BD70B2297C193D1936F
:1002E0006D937C93CF010E94467CC801DF91CF9132
:1002F0001F910F91FF90EF90DF90CF90BF90AF9044
:100300009F908F907F906F905F904F9008955B01CA
:10031000AC1ABD0A4C018C0E9D1EA091DF11B0914C
:10032000E011512C412CF12CE12C109731F58091EA
:10033000DD119091DE118815990509F05CC0461613
:10034000570608F058C08091950290919602009748
:1003500041F48DB79EB74091990250919A02841B47
:10036000950BE817F90708F055C0F093DE11E093FC
:10037000DD11F90171836083B8CF8D919C91119744
:1003800012966C90129713967C901397A815B90546
:1003900059F56C0142E0C40ED11CCA14DB0420F1F3
:1003A000AC014A195B09DA011296159780F0628256
:1003B000738251834083D9016D937C93E114F104DE
:1003C00071F0D7011396FC93EE9312978ECF22967D
:1003D0008C0F9D1FF90191838083F301EFCFF09380
:1003E000E011E093DF1181CF4816590608F42C0183
:1003F0007D01D3019ACFCB010E94AA7B7C0100979B
:1004000049F0AE01B8010E943882C8010E94467CC2
:1004100087016BCF10E000E068CF81E090E0F894B6
:100420000C94218391110C94FE7F8F3711F0805230
:10043000D0F70895803209F091110C94FE7F80521C
:100440008F55D8F708959111089581568A5108F46F
:10045000805285580895FB01DC0104C08D91019004
:10046000801921F441505040C8F7881B990B08951A
:10047000FB01DC0102C001900D9241505040D8F7C1
:100480000895DC0101C06D9341505040E0F708959C
:10049000FB01DC018D9181341CF08B350CF4805E06
:1004A000619161341CF06B350CF4605E861B611148
:1004B00089F3990B0895FC018191861721F0882317
:1004C000D9F7992708953197CF010895FB01DC01F1
:1004D0008D91019080190110D9F3990B0895FB01BA
:1004E000DC0101900D920020E1F70895FB01DC0191
:1004F0004150504030F08D910190801919F4002046
:10050000B9F7881B990B0895FB01DC01415050405D
:1005100048F001900D920020C9F701C01D92415092
:100520005040E0F70895FC0181E090E0019006164C
:1005300009F4CF010020D1F701970895FB015191F3
:100540005523A9F0BF01DC014D9145174111E1F799
:1005500059F4CD010190002049F04D914015411111
:10056000C9F3FB014111EFCF81E090E001970895BD
:100570000F931F93CF93DF93CDB7DEB72E970FB6B0
:10058000F894DEBF0FBECDBF0E891F8986E08C8335
:100590001A8309838FEF9FE79E838D83AE01465EAA
:1005A0005F4F688D798DCE0101960E944F7D2F811E
:1005B0003885020F131FF80110822E960FB6F8949B
:1005C000DEBF0FBECDBFDF91CF911F910F91089578
:1005D0000F931F93CF93DF93CDB7DEB72E970FB650
:1005E000F894DEBF0FBECDBF8C01FA0186E08C838C
:1005F0001A83098377FF02C060E070E861507109D7
:100600007E836D83A901BF01CE0101960E944F7DBB
:100610004D815E8157FD0AC02F81388542175307EF
:100620000CF49A01020F131FF80110822E960FB6D8
:10063000F894DEBF0FBECDBFDF91CF911F910F9118
:1006400008951AE0C2E1DAE000E006C0802FFE0162
:100650000E9475802196011DC331D10780E00807F3
:06066000A9F7F894FFCF9A
:10066600E80CC30ABC0AB50A46494C425546000086
:10067600454D5042554600005752534543540000DD
:1006860052445345435400005345544D45440000DD
:1006960052445354415400005752444453450000B9
:1006A6005244455252430000494E4954000000004E
:1006B600090D090D090D090D090D090D090D090D84
:1006C60053455455502E494E49000000280A970AB2
:1006D60000001002490A03009B0200000400040007
:1006E60002605B0000A502020000007C6C0000B402
:1006F60002020000000000E11180004D61696E20D9
:100706006D656E7500536176652053455455502EC0
:10071600494E4900494E495420456D756C61746FC8
:10072600720000000000DD32DA32BC22A922042465
:10073600082E7B2D53444661737465737400004D17
:10074600656469756D0000005265616C52583032FF
:10075600004F666600000000004C6F770000000046
:1007660000486967680000000045787472656D6529
:1007760000525830312B5258313100525830312BFB
:100786005258384500525830322B616E790000526B
:100796002F5700522F4F002E525832002E525831EA
:1007A60000000000004C445148000000004E234762
:1007B60048000000002A23F20F5247E210B046FA22
:1007C600115B48E558B72272443A48F9FF00009297
:1007D600444448000000000D0B770AA40A5A0BD5C2
:1007E6000AB30AC70A0000FF01002F02002A03000D
:1007F6002B04002D05002D06002B07003F090035B0
:10080600090036000000001F28770ABC22BF22001C
:10081600000000C022770ABC22BF22BC22B922B93E
:1008260022B822EF0F000000001F23770ABC22BF68
:1008360022BB0F0A0F550F3E29530DED28BA0F9311
:100846000F1D231D2303298C0F8C0F000000002A87
:1008560023F20F6342E2103E23FA115B48AC2530C7
:10086600230000000044234123634206123E23FA7C
:10087600110D0A005B003A004572726F723A206DE4
:100886006178446570746820726561636865642187
:100896000A0D696E637265617365206D61784465E2
:1008A600707468206F6E20796F75722073636B6544
:1008B6007463682E002F005B2E2E5D0030313233BC
:1008C6003435363738392E004E4F4E4500303A25EE
:1008D60073005B305D2000313A2573005B315D208B
:1008E600004E4F542000525825642E44534B00446A
:1008F6004D410050494F005B305D2046696C652EC6
:100906002E2E005B315D2046696C652E2E2E005220
:1009160058303220456D756C61746F720076322ED8
:10092600310031323A30343A3032004F637420317C
:1009360031203230323400372E332E3000455846BF
:040946004154000018
:00000001FF
